fecha,ultimo,apertura,maximo,minimo
2011-08-15,20067.3900,19940.7500,20110.9500,19931.3600
2011-08-16,19772.0000,20060.1300,20069.2300,19725.3900
2011-08-17,19980.0200,19780.2600,20068.1000,19777.9000
2011-08-18,19516.1400,19984.0400,19984.0400,19416.3900
2011-08-19,19378.1200,19513.4300,19604.9200,19322.8600
2011-08-22,19388.5700,19398.1400,19505.8800,19363.3800
2011-08-23,19488.4500,19392.6900,19503.0300,19343.6900
2011-08-24,19502.8600,19486.5600,19521.8800,19443.2600
2011-08-25,19475.4400,19498.0900,19532.1800,19422.5300
2011-08-26,19795.9400,19477.9700,19808.6000,19442.0000
2011-08-29,20019.9000,19798.2500,20025.5600,19798.2500
2011-08-31,20697.1100,19999.9700,20707.8200,19999.9700
2011-09-01,20639.1800,20686.3500,20715.4400,20605.0100
2011-09-02,20443.5600,20727.0800,20759.4200,20420.8400
2011-09-05,20108.4100,20465.5700,20478.3000,20046.9200
2011-09-06,19931.2900,20108.8400,20111.2800,19839.5700
2011-09-07,20134.7600,19926.0000,20134.7600,19923.0900
2011-09-08,20077.5300,20130.4400,20143.1600,20042.3100
2011-09-09,19906.5500,20078.1900,20084.4500,19871.2400
2011-09-12,19939.7700,19896.0300,19960.4100,19778.8600
2011-09-13,19980.8500,19933.5800,19980.8500,19873.1400
2011-09-14,20179.6900,19979.6200,20219.1800,19922.2100
2011-09-15,20426.7900,20171.5700,20426.7900,20162.8800
2011-09-16,20573.0700,20417.5200,20587.3200,20416.2600
2011-09-19,20321.0900,20562.9000,20577.1800,20231.5500
2011-09-20,20305.7400,20312.9800,20430.5200,20261.6000
2011-09-21,19933.3200,20313.5100,20356.7100,19933.1300
2011-09-22,19011.8800,19977.7200,19981.5300,18948.0300
2011-09-23,18813.8200,19007.5400,19114.7400,18753.1900
2011-09-26,18694.2600,18807.5700,18807.5700,18519.2600
2011-09-27,19134.4300,18720.7900,19289.0000,18720.7900
2011-09-28,18543.9300,19134.4300,19150.7000,18543.9300
2011-09-29,18435.7900,18568.4800,18585.9400,18406.6600
2011-09-30,18329.1000,18441.6600,18448.3900,18267.2000
2011-10-03,17838.9800,18341.1800,18349.7900,17834.6800
2011-10-04,17317.8800,17881.7400,17883.8300,17149.5500
2011-10-05,17543.3400,17323.7700,17616.4300,17323.7700
2011-10-06,17745.4800,17548.5900,17839.9800,17542.3200
2011-10-07,17761.2700,17745.5500,17844.5700,17668.8300
2011-10-10,18270.6500,17763.6200,18338.6100,17743.2000
2011-10-11,18268.8500,18264.7900,18275.2500,18141.7700
2011-10-12,18554.9000,18269.8900,18643.9700,18267.8000
2011-10-13,18623.6200,18566.0000,18624.7500,18449.8700
2011-10-14,18897.4100,18604.6700,18897.9800,18604.6700
2011-10-17,18723.3400,18892.7700,18908.4500,18677.5700
2011-10-18,18988.6400,18727.1000,19008.0100,18625.7800
2011-10-19,18766.5500,18978.1000,18978.1000,18725.8400
2011-10-20,18567.9100,18770.5900,18770.5900,18439.0800
2011-10-21,18857.1000,18567.3800,18876.1400,18567.3800
2011-10-24,19465.9200,18855.5500,19507.7700,18843.7400
2011-10-25,19307.2500,19465.9200,19465.9200,19231.5200
2011-10-26,19342.1400,19320.1800,19370.3600,19291.5900
2011-10-27,20012.0800,19355.2700,20100.1800,19355.2700
2011-10-28,20044.3400,20017.4200,20076.9500,19984.9400
2011-10-31,19629.6300,20053.6900,20053.6900,19550.9600
2011-11-02,19486.1800,19640.4000,19694.4500,19392.4100
2011-11-03,19579.9700,19493.7400,19585.5000,19493.7400
2011-11-04,19370.4600,19597.4600,19597.4600,19331.0800
2011-11-07,19392.3400,19371.9800,19396.4600,19312.0900
2011-11-08,19509.9500,19405.2300,19515.2000,19398.3500
2011-11-09,19010.7500,19516.6100,19516.6100,19010.7500
2011-11-10,19127.8500,19013.7400,19131.5000,19013.7400
2011-11-11,19450.8900,19127.9000,19455.1000,19127.9000
2011-11-14,19346.9800,19445.4800,19445.4800,19320.2300
2011-11-15,19359.2500,19373.3400,19384.9900,19302.1200
2011-11-16,19529.1400,19359.2500,19571.5600,19359.2500
2011-11-17,19304.5300,19529.1400,19529.1400,19304.5300
2011-11-18,19240.1400,19304.0800,19304.0800,19169.5800
2011-11-21,18956.1800,19242.0700,19242.0700,18949.1000
2011-11-22,19131.6100,18966.8100,19136.6300,18951.7100
2011-11-23,19007.8200,19126.0200,19126.0200,18929.9700
2011-11-24,18975.5400,19007.1400,19044.4500,18933.8500
2011-11-25,18957.7500,18965.5000,19017.9200,18932.1300
2011-11-28,19168.9000,18958.1500,19218.5000,18958.1500
2011-11-29,19236.9900,19171.5200,19297.5900,19147.8100
2011-11-30,19911.8200,19238.5900,19987.5900,19238.5900
2011-12-01,19814.4000,19911.8200,19911.8200,19672.8100
2011-12-02,20178.6900,19813.3900,20210.1600,19761.7700
2011-12-05,20200.3800,20176.2500,20247.3900,20148.6600
2011-12-06,20090.2900,20207.7300,20207.7300,20038.8600
2011-12-07,19986.4300,20094.5300,20104.6500,19933.9500
2011-12-09,19985.9600,19994.2100,20002.9500,19910.7100
2011-12-12,19734.7100,19993.8200,19993.8200,19693.5700
2011-12-13,19587.1900,19738.0600,19752.3500,19581.1100
2011-12-14,19305.9300,19611.0300,19611.0300,19248.3000
2011-12-15,19389.8200,19305.9300,19402.9100,19305.9300
2011-12-16,19446.4900,19388.7100,19471.6100,19386.4200
2011-12-19,19168.9500,19440.2400,19464.1800,19138.0300
2011-12-20,19370.4100,19174.1800,19379.3600,19169.9000
2011-12-21,19360.6600,19370.4700,19371.1600,19302.5500
2011-12-22,19383.0700,19363.3900,19407.5400,19298.9400
2011-12-23,19428.8100,19397.4800,19432.3200,19370.7700
2011-12-26,19458.8700,19435.8300,19458.8700,19424.7200
2011-12-27,19398.5100,19456.6500,19457.8000,19380.7900
2011-12-28,19268.5500,19390.1700,19398.4600,19236.7500
2011-12-29,19385.1900,19266.4000,19413.4300,19218.2800
2011-12-30,19473.3100,19385.1900,19482.0300,19380.3800
2012-01-02,19579.4100,19467.6900,19579.4100,19447.9100
2012-01-03,19886.8900,19576.2000,19917.9400,19576.2000
2012-01-04,19940.0900,19887.5500,19947.2400,19787.3500
2012-01-05,19943.9900,19939.6300,19975.5200,19819.5700
2012-01-06,19800.8800,19937.1600,19964.5800,19800.8800
2012-01-09,19947.4800,19800.8800,19949.0400,19798.3800
2012-01-10,20269.1600,19936.3700,20275.9900,19935.1000
2012-01-11,20280.6400,20262.8000,20281.8200,20177.3800
2012-01-12,20539.6900,20280.6400,20579.3400,20280.6400
2012-01-13,20472.0000,20537.3600,20537.3600,20411.0500
2012-01-16,20592.4200,20475.0600,20616.7300,20472.5000
2012-01-17,20712.9200,20593.8000,20821.4000,20593.8000
2012-01-18,20868.2300,20709.7700,20872.8000,20704.1400
2012-01-19,21006.5100,20866.8900,21036.0800,20866.8900
2012-01-20,20887.8400,21005.1600,21005.1600,20823.0300
2012-01-23,21206.0600,20884.4200,21213.0700,20883.0700
2012-01-24,21277.5300,21196.7400,21286.8900,21042.2300
2012-01-25,21410.6700,21276.4200,21415.0900,21227.0600
2012-01-26,21645.8200,21411.7500,21722.7100,21411.7500
2012-01-27,21843.6300,21644.9600,21882.6700,21620.8800
2012-01-30,21852.1000,21846.9400,21890.4300,21746.2900
2012-01-31,21948.0700,21849.7400,22107.2300,21828.5800
2012-02-01,22371.2200,21951.1200,22404.4300,21951.1200
2012-02-02,22686.6800,22370.1100,22780.0000,22343.7200
2012-02-03,22918.6200,22687.1300,23043.0500,22687.1300
2012-02-06,22906.3800,22928.8500,22928.8500,22808.0600
2012-02-07,22803.8100,22896.8700,22914.4300,22750.3800
2012-02-08,22730.7000,22798.9900,22900.0000,22718.5600
2012-02-09,22697.1600,22722.2600,22765.0900,22677.1200
2012-02-10,22496.6400,22704.5300,22725.1800,22419.7100
2012-02-13,22429.9000,22502.2600,22687.3800,22416.5100
2012-02-14,22269.2700,22429.9000,22450.3000,22179.6700
2012-02-15,22276.7100,22285.3600,22336.0000,22215.6500
2012-02-16,22360.7900,22269.5800,22361.9000,22230.9900
2012-02-17,22456.8000,22350.5900,22502.0100,22350.5900
2012-02-20,22604.6200,22462.5700,22614.1300,22459.7400
2012-02-21,22873.3800,22601.4000,22930.7500,22598.5400
2012-02-22,22870.8600,22874.4600,22875.7900,22782.0100
2012-02-23,22835.8300,22869.9100,22871.3700,22790.5100
2012-02-24,22825.8700,22831.8500,22884.9100,22783.7200
2012-02-27,22729.9300,22831.2700,22835.7500,22709.8600
2012-02-28,22869.8500,22734.7400,22869.8500,22730.3000
2012-02-29,22728.7500,22897.2700,22938.5100,22676.9100
2012-03-01,22982.8500,22728.0800,23026.2600,22725.2500
2012-03-02,23163.8700,22984.7400,23163.8700,22984.7400
2012-03-05,22967.3000,23167.8600,23190.1300,22837.5600
2012-03-06,22664.7200,22965.0800,22965.0800,22557.7500
2012-03-07,22839.1800,22649.3000,22876.8500,22635.1900
2012-03-08,23033.2600,22834.5400,23056.9800,22831.6700
2012-03-09,23232.5000,23026.1100,23232.5000,22983.8900
2012-03-12,22997.6600,23225.8000,23225.8000,22979.9100
2012-03-13,23145.5200,23000.3800,23185.6000,23000.3800
2012-03-14,23015.4700,23141.8300,23144.9400,22993.8800
2012-03-15,22974.7900,23020.1300,23068.6000,22974.7900
2012-03-16,22962.5200,22981.8400,23046.6300,22943.2000
2012-03-19,23079.7700,22966.2400,23079.7700,22955.9000
2012-03-20,22935.7000,23083.7900,23083.7900,22879.5000
2012-03-21,23056.4200,22935.7000,23094.1700,22925.2100
2012-03-22,22772.6000,23054.6600,23054.6600,22772.3000
2012-03-23,22953.7900,22771.6900,22967.7200,22754.4700
2012-03-26,23334.5700,22940.8200,23352.6900,22940.8200
2012-03-27,23650.6200,23334.6000,23654.2100,23334.6000
2012-03-28,23537.5100,23635.8700,23655.8900,23470.7400
2012-03-29,23335.1200,23542.9100,23552.7100,23279.9600
2012-03-30,23612.0200,23349.2500,23660.0300,23335.7400
2012-04-02,24051.6200,23579.5000,24095.2900,23578.4600
2012-04-03,24035.6100,24041.7100,24163.7800,23998.1900
2012-04-04,23622.5900,24031.4600,24032.9100,23606.7600
2012-04-09,23405.6400,23614.1900,23621.4500,23393.2000
2012-04-10,23284.8400,23408.2900,23439.7600,23208.1500
2012-04-11,23270.0100,23278.7100,23393.4100,23260.6900
2012-04-12,23471.3600,23264.8100,23494.4200,23264.8100
2012-04-13,23335.6600,23471.3600,23471.3600,23325.7000
2012-04-16,23268.5000,23332.9900,23332.9900,23182.8700
2012-04-17,23361.2100,23249.6000,23433.3200,23246.6200
2012-04-18,23274.9800,23360.1300,23366.2100,23264.0500
2012-04-19,23149.9700,23274.6100,23295.0800,23120.4800
2012-04-20,23264.9000,23149.9700,23264.9000,23148.4900
2012-04-23,22938.2400,23263.7900,23263.7900,22900.0400
2012-04-24,22945.7200,22940.8600,23013.2200,22929.5200
2012-04-25,22845.0200,22952.9300,22966.1300,22836.1300
2012-04-26,22799.4100,22851.6500,22872.1600,22758.4400
2012-04-27,22908.9800,22809.4600,22928.7500,22799.2100
2012-04-30,22677.9300,22913.9800,22913.9800,22656.9200
2012-05-02,22379.9900,22683.9200,22683.9200,22364.4400
2012-05-03,22055.9900,22381.9700,22381.9700,21948.3200
2012-05-04,22138.0300,22056.1800,22217.2400,22056.1800
2012-05-07,21967.9300,22143.0700,22191.4700,21932.9600
2012-05-08,21393.5900,21964.4900,21964.4900,21325.3400
2012-05-09,21550.8000,21396.5500,21563.4400,21375.4400
2012-05-10,21763.9400,21542.2000,21779.6500,21498.9400
2012-05-11,21662.4500,21760.8100,21764.9900,21632.2900
2012-05-14,21255.2000,21670.8400,21690.3100,21254.7100
2012-05-15,20871.1200,21263.5700,21301.4500,20870.5500
2012-05-16,20856.9900,20876.7200,21111.1800,20837.3300
2012-05-17,20643.8800,20856.9900,20885.1400,20552.7300
2012-05-18,20501.8100,20618.6600,20669.5200,20431.1300
2012-05-21,20680.8900,20500.5400,20682.9500,20492.7500
2012-05-22,20726.5900,20665.4700,20880.4500,20665.4700
2012-05-23,20536.8300,20725.6700,20732.1800,20390.1000
2012-05-24,20637.2200,20540.7700,20692.4000,20540.7700
2012-05-25,20744.4900,20646.0800,20782.6500,20646.0800
2012-05-28,20849.2600,20747.7700,20860.6200,20747.7700
2012-05-29,21026.3300,20851.6400,21077.3000,20849.0100
2012-05-30,20875.0900,21034.4900,21043.5100,20835.9000
2012-05-31,20997.5600,20884.9000,21297.5900,20884.9000
2012-06-01,20700.6800,20979.6200,21026.8700,20645.0200
2012-06-04,20575.0300,20701.6500,20701.6500,20484.0600
2012-06-05,20655.5700,20572.7400,20669.4300,20556.6800
2012-06-06,21018.9100,20660.3200,21034.8800,20660.3200
2012-06-07,21020.1700,21018.3200,21108.6000,20966.5700
2012-06-08,20957.5500,21020.1700,21020.1700,20832.8300
2012-06-11,20905.8000,20960.1700,21022.4900,20889.2700
2012-06-12,20887.6300,20901.8000,20978.9200,20873.3400
2012-06-13,20812.6000,20887.1600,20954.1000,20782.9000
2012-06-14,20702.9000,20812.6000,20812.6000,20678.1800
2012-06-15,20634.1800,20697.1200,20756.1000,20581.7300
2012-06-18,20714.6000,20639.9400,20736.8500,20616.2000
2012-06-19,20776.5400,20712.7900,20794.9400,20654.0700
2012-06-20,20712.4100,20781.4000,20781.4000,20684.5200
2012-06-21,20434.5800,20715.8900,20715.8900,20395.7400
2012-06-22,20509.2600,20444.5000,20525.5900,20444.5000
2012-06-25,20426.8700,20507.8900,20509.1700,20410.2200
2012-06-26,20372.0700,20429.3700,20444.6400,20347.3900
2012-06-27,20334.8500,20378.6700,20388.7700,20311.9800
2012-06-28,20207.1600,20331.7000,20331.7000,20164.8200
2012-07-02,20645.1000,20205.6200,20672.3200,20205.6200
2012-07-03,20776.8200,20650.0400,20812.0200,20578.5900
2012-07-04,20718.4900,20778.2300,20778.2300,20698.5700
2012-07-05,20661.8900,20726.3300,20763.7700,20660.1800
2012-07-06,20602.6800,20663.1400,20675.2800,20453.6200
2012-07-09,20434.3600,20583.6500,20626.4100,20430.3700
2012-07-10,20224.5200,20433.2600,20456.7400,20108.3300
2012-07-11,20089.3100,20226.4600,20229.7100,20062.2400
2012-07-12,19954.8500,20081.1900,20081.1900,19886.1900
2012-07-13,20107.1300,19956.9700,20135.1200,19956.3000
2012-07-16,20067.3500,20114.2700,20150.8700,20021.7100
2012-07-17,20033.8500,20064.3100,20066.9900,19997.2200
2012-07-18,20088.6400,20037.3000,20109.0500,20015.3200
2012-07-19,20115.5000,20088.6400,20151.2500,20079.8700
2012-07-20,20023.0600,20115.5000,20115.5000,20004.7500
2012-07-23,19754.3700,20020.8000,20046.7600,19721.8800
2012-07-24,19536.5500,19754.0000,19809.2200,19483.8700
2012-07-25,19544.2900,19544.8300,19618.2400,19467.9700
2012-07-26,19674.2300,19547.7100,19756.0700,19539.1100
2012-07-27,19822.5300,19667.4100,19822.5300,19649.3000
2012-07-30,19692.5200,19821.2200,19860.6600,19673.2400
2012-07-31,19652.6600,19691.4200,19691.4200,19505.2100
2012-08-01,19452.8000,19611.6000,19637.0800,19415.1300
2012-08-02,19282.9200,19454.8800,19454.8800,19264.0200
2012-08-03,19730.4700,19276.3500,19745.0000,19276.3500
2012-08-06,19738.5000,19727.2200,19768.6800,19704.1200
2012-08-07,19754.1700,19738.3000,19808.3400,19698.3900
2012-08-08,19769.5500,19759.8600,19819.8900,19730.6700
2012-08-09,19748.2000,19768.7500,19805.0400,19703.8100
2012-08-10,19806.6500,19744.8600,19838.5900,19668.6700
2012-08-13,19736.7700,19806.6500,19857.5200,19709.6700
2012-08-14,19833.0600,19733.1100,19833.0600,19731.6400
2012-08-15,19844.5500,19830.8100,19846.1000,19784.7400
2012-08-16,20022.0200,19845.5000,20028.4300,19843.1400
2012-08-17,20105.3100,20022.0200,20105.3100,20019.0200
2012-08-20,20107.0800,20104.7800,20128.4100,20033.3200
2012-08-21,20304.7300,20107.1400,20388.6600,20107.1400
2012-08-22,20295.4300,20304.4600,20333.0900,20236.7200
2012-08-23,20177.6500,20294.6700,20383.9600,20157.6300
2012-08-24,20215.3600,20175.2900,20243.0400,20150.9700
2012-08-27,20265.7700,20212.7900,20307.5800,20192.1800
2012-08-28,20230.8200,20266.1100,20317.9400,20213.6000
2012-08-29,20197.6200,20233.7700,20233.7700,20152.9000
2012-08-31,20311.6600,20209.2300,20359.5800,20167.1300
2012-09-03,20270.4100,20311.6600,20315.9800,20258.1700
2012-09-04,19985.3100,20266.5100,20277.6500,19975.0100
2012-09-05,19977.8600,19993.6900,20018.0700,19921.1600
2012-09-06,20161.7500,19972.8600,20165.8200,19972.8600
2012-09-07,20494.0400,20158.2300,20529.1700,20156.7200
2012-09-10,20536.2300,20501.9800,20562.0600,20474.1100
2012-09-11,20717.4200,20536.0300,20732.4400,20524.4900
2012-09-12,20997.7800,20717.3800,20998.3000,20456.0300
2012-09-13,21435.2300,20997.7800,21448.7400,20924.2000
2012-09-14,21951.8000,21432.5500,21972.8500,21426.0700
2012-09-17,21762.3000,21953.0000,21953.0000,21750.9300
2012-09-18,21610.0100,21758.5900,21768.3500,21573.1900
2012-09-19,21723.6300,21626.6000,21777.2800,21626.6000
2012-09-20,21694.8700,21725.5600,21725.5600,21603.7500
2012-09-21,21884.5500,21688.4600,21940.8500,21688.4600
2012-09-24,21784.7700,21886.9900,21886.9900,21750.4600
2012-09-25,21747.8300,21791.0600,21872.8800,21706.3100
2012-09-26,21583.9100,21758.2800,21761.8600,21563.2800
2012-09-27,21736.0700,21589.2800,21774.5600,21570.7200
2012-09-28,21674.7900,21736.0700,21761.9400,21633.4200
2012-10-03,21432.7900,21675.2200,21688.3200,21420.5600
2012-10-04,21680.5700,21434.0500,21694.1200,21434.0500
2012-10-05,21766.6300,21678.8600,21806.7800,21674.0600
2012-10-09,21508.1000,21765.0900,21808.0000,21479.8400
2012-10-10,21399.3000,21507.3400,21507.3400,21383.0300
2012-10-11,21525.1000,21402.7000,21554.0800,21396.3900
2012-10-12,21410.2900,21527.8400,21529.4300,21401.4400
2012-10-15,21349.1800,21417.7100,21421.9100,21307.0600
2012-10-16,21472.5100,21352.6400,21521.2100,21339.1100
2012-10-17,21529.5800,21474.5600,21529.5800,21418.0000
2012-10-18,21476.8600,21529.1700,21534.4500,21428.9700
2012-10-19,21443.3000,21476.8600,21477.7600,21355.3000
2012-10-22,21402.9800,21447.6400,21458.8800,21330.7000
2012-10-23,21166.8700,21404.8500,21404.8500,21091.3800
2012-10-24,21056.9400,21162.0400,21169.9100,20970.0700
2012-10-25,21011.0400,21058.2100,21103.0000,20945.8500
2012-10-26,20968.7900,21019.3700,21045.6000,20968.7900
2012-10-29,20918.6000,20969.9700,21010.5100,20884.5700
2012-10-30,20952.4000,20926.7700,20967.7100,20905.1800
2012-10-31,20789.4100,20948.1500,21034.8100,20781.7700
2012-11-02,20865.6300,20805.7500,20990.7700,20792.7900
2012-11-05,20978.9200,20871.7600,21027.0400,20863.4400
2012-11-06,20935.8600,20984.9300,21041.7800,20915.8000
2012-11-07,20886.6200,20935.8600,20952.5800,20825.7600
2012-11-08,21115.0600,20887.8700,21115.0600,20874.9100
2012-11-09,21046.1600,21109.6400,21135.9000,21027.9700
2012-11-12,21060.3300,21050.9100,21137.5100,21039.6900
2012-11-13,21067.9400,21060.3300,21113.7800,20943.8300
2012-11-14,20523.5400,21067.9400,21077.3200,20523.5400
2012-11-15,20093.8300,20517.7400,20517.7400,19999.4900
2012-11-16,20044.0000,20095.0800,20127.7700,19992.0300
2012-11-19,20307.6300,20047.3200,20322.4100,20047.3200
2012-11-20,20191.7000,20304.4300,20304.4300,20125.8000
2012-11-21,20102.0500,20191.7000,20202.0300,20030.5400
2012-11-22,20039.8400,20099.9400,20113.9900,20021.6800
2012-11-23,20227.7400,20048.2200,20249.3200,20027.5500
2012-11-26,20211.5200,20221.3900,20232.1800,20099.6800
2012-11-27,20096.6100,20215.1100,20235.5000,19993.9400
2012-11-28,20073.3900,20100.4700,20107.2300,19939.4600
2012-11-29,20165.1500,20072.2000,20189.3800,20072.2000
2012-11-30,20044.6200,20169.8500,20169.8500,19932.8900
2012-12-03,20291.4400,20046.5600,20377.2900,20034.5900
2012-12-04,20260.8100,20295.4700,20310.6200,20205.4500
2012-12-05,20199.3900,20261.3000,20281.0700,20150.5900
2012-12-06,20192.0900,20199.3900,20236.2600,20131.7500
2012-12-07,19938.2600,20188.7700,20233.2000,19933.3700
2012-12-10,19908.0200,19938.9500,19962.9400,19883.6600
2012-12-11,20147.8300,19914.8000,20170.2000,19912.8100
2012-12-12,20272.0900,20152.5100,20295.1600,20138.9200
2012-12-13,20158.6500,20275.5000,20275.5000,20123.4100
2012-12-14,20147.0800,20159.7900,20172.3500,20093.4400
2012-12-17,20163.9400,20152.1200,20220.0500,20079.8800
2012-12-18,20292.2100,20168.5100,20306.0300,20168.5100
2012-12-19,20466.8700,20297.5200,20466.8700,20286.4000
2012-12-20,20350.4500,20464.6900,20464.6900,20304.9700
2012-12-21,20338.8700,20350.2000,20369.0300,20198.0100
2012-12-24,20307.3100,20338.7600,20344.8300,20267.7200
2012-12-26,20354.4000,20298.5300,20379.2300,20298.5300
2012-12-27,20377.6300,20352.4200,20394.9300,20284.4100
2012-12-28,20548.1800,20377.6300,20565.9700,20351.4900
2012-12-31,20629.3500,20548.1800,20629.3500,20548.1800
2013-01-02,21016.0200,20617.1900,21058.9000,20617.1900
2013-01-03,21120.3500,21006.2100,21209.5900,21001.5100
2013-01-04,21221.4500,21124.6800,21225.6800,21080.4500
2013-01-07,21336.9300,21219.4500,21350.7300,21206.7900
2013-01-08,21544.5400,21323.6500,21585.2200,21292.7600
2013-01-09,21588.0800,21543.3700,21683.2900,21511.6100
2013-01-10,21902.2300,21588.4200,21946.3400,21588.4200
2013-01-11,21905.5200,21909.3400,22000.7700,21891.3400
2013-01-14,21870.3500,21923.7000,21987.2800,21736.1700
2013-01-15,21735.2700,21871.2000,21871.2000,21668.2000
2013-01-16,21836.9200,21758.9200,21842.9600,21739.3200
2013-01-17,21761.4300,21842.5100,21853.9600,21697.3700
2013-01-18,21666.7200,21769.3400,21797.1000,21643.1200
2013-01-21,21747.6200,21688.8700,21785.3300,21688.8700
2013-01-22,21625.2700,21749.3000,21753.1900,21596.4900
2013-01-23,21651.7300,21626.1400,21673.5700,21571.5300
2013-01-24,21500.4700,21651.4200,21651.4200,21491.7400
2013-01-25,21282.8000,21508.1500,21514.9100,21259.5000
2013-01-28,20926.1100,21286.9800,21293.1200,20913.9500
2013-01-29,20940.9200,20927.4300,20965.5000,20872.0800
2013-01-30,21305.8600,20934.4700,21323.8100,20934.4700
2013-01-31,21435.2900,21305.8600,21461.4000,21305.7700
2013-02-01,21800.2700,21437.1200,21810.7600,21437.1200
2013-02-04,21641.7000,21798.6800,21798.6800,21604.4000
2013-02-05,21730.1500,21645.8200,21769.0100,21645.8200
2013-02-06,21754.0800,21723.7200,21779.9800,21690.2800
2013-02-07,21707.3500,21751.6000,21778.1400,21694.4500
2013-02-08,21778.5700,21709.7000,21798.6000,21698.7800
2013-02-11,21613.0200,21772.8900,21784.2800,21561.6000
2013-02-12,21627.8000,21610.9500,21653.4100,21584.9600
2013-02-13,21612.3700,21630.7900,21646.7800,21573.7700
2013-02-14,21395.3900,21613.2700,21613.2700,21395.3900
2013-02-15,21108.1000,21391.1400,21391.1400,21037.6100
2013-02-18,21106.4800,21105.9700,21162.0900,21079.9200
2013-02-19,21026.3900,21108.2200,21111.2600,20988.5100
2013-02-20,20818.8600,21026.9000,21045.9600,20772.5600
2013-02-21,20663.4000,20826.0500,20842.5900,20640.8000
2013-02-22,20633.6300,20672.6200,20683.3100,20569.8300
2013-02-25,20562.5000,20622.9900,20657.7300,20525.6300
2013-02-26,20678.8800,20548.0300,20724.0200,20548.0300
2013-02-27,20640.6200,20693.7300,20709.9000,20612.5800
2013-02-28,20611.6800,20635.6700,20650.9300,20523.4700
2013-03-01,20646.4800,20613.7900,20682.3200,20568.8900
2013-03-04,20385.4700,20646.4800,20665.9100,20373.3100
2013-03-05,20446.4000,20385.1100,20493.4800,20385.1100
2013-03-06,20560.6200,20443.5900,20565.6300,20377.0200
2013-03-07,20364.5600,20548.5100,20629.3800,20305.1800
2013-03-08,20384.7900,20365.1900,20463.1600,20302.5400
2013-03-11,20360.8000,20395.4400,20452.6100,20329.7500
2013-03-12,20218.3000,20358.9300,20404.7300,20181.7800
2013-03-13,19796.5700,20218.9400,20218.9400,19744.7200
2013-03-14,19796.8400,19802.8100,19916.6000,19586.2000
2013-03-15,20196.1300,19783.2200,20228.5200,19783.2200
2013-03-18,20155.4700,20187.4500,20255.9100,20127.1900
2013-03-19,19815.9500,20178.8100,20206.2000,19774.8100
2013-03-20,19852.6000,19823.9300,19862.0200,19744.9900
2013-03-21,19966.4500,19866.0600,19982.7200,19841.4900
2013-03-22,19992.5200,19963.7700,20079.1000,19955.3500
2013-03-25,19744.5500,19986.5700,19986.5700,19721.8600
2013-03-26,19762.8500,19739.8700,19778.7900,19698.1500
2013-03-27,19858.9500,19762.8500,19934.3800,19739.9000
2013-04-01,19917.4100,19858.9500,19984.0000,19826.3800
2013-04-02,19702.1500,19917.6400,19923.4400,19619.2700
2013-04-03,19549.0800,19697.3900,19697.3900,19433.2300
2013-04-04,19608.4800,19550.4100,19634.4600,19546.2300
2013-04-05,19509.5700,19621.0600,19655.7000,19403.9900
2013-04-08,19381.2600,19506.1200,19510.0400,19298.3900
2013-04-09,19494.2000,19396.5500,19552.6700,19380.8500
2013-04-10,19389.5400,19494.8400,19496.0900,19315.0900
2013-04-11,19462.2000,19394.4200,19462.2000,19358.2900
2013-04-12,19226.8800,19457.4800,19467.4700,19194.1100
2013-04-15,18435.8400,19216.8700,19229.4800,18338.2200
2013-04-16,18487.5700,18474.1200,18598.9300,18474.1200
2013-04-17,17915.7200,18489.3700,18489.3700,17855.4000
2013-04-18,17858.1400,17933.3800,18079.0700,17813.8700
2013-04-19,17904.8400,17857.8700,17951.0300,17857.8700
2013-04-22,17900.1600,17896.2400,17930.0000,17868.3300
2013-04-23,17781.5600,17899.4800,17919.9900,17746.5800
2013-04-24,17662.1600,17785.0900,17868.9200,17662.1600
2013-04-25,18153.9100,17655.2800,18154.2200,17655.2800
2013-04-26,17789.2700,18134.5100,18180.7100,17665.8800
2013-04-29,17822.0900,17782.6100,17872.8400,17781.7600
2013-04-30,17352.9200,17839.6400,17885.8400,17342.4700
2013-05-02,17447.6100,17350.9900,17463.2900,17336.6600
2013-05-03,17652.2700,17445.9900,17666.1100,17445.9900
2013-05-06,17706.3400,17653.2300,17770.4300,17603.8000
2013-05-07,17408.1100,17693.3500,17693.3500,17316.8300
2013-05-08,17575.3200,17399.7600,17594.1100,17352.5500
2013-05-09,17812.7500,17575.1300,17845.7200,17548.9100
2013-05-10,17801.3800,17812.3300,17821.5200,17716.9900
2013-05-13,17996.4800,17802.3200,17996.4800,17769.5200
2013-05-14,17565.3400,18000.4700,18008.8900,17534.0300
2013-05-15,17129.6500,17566.2800,17566.2800,17061.2400
2013-05-16,16416.5700,17139.4900,17168.5900,16344.3600
2013-05-17,16543.3700,16432.8700,16543.3700,16313.0300
2013-05-20,16679.2900,16547.8800,16717.7300,16547.8800
2013-05-21,16745.8300,16680.1800,16745.8300,16597.9600
2013-05-22,16736.2800,16747.8500,16833.2800,16717.2200
2013-05-23,16610.8000,16747.8000,16753.7800,16552.3900
2013-05-24,16454.0500,16631.8800,16703.5600,16398.7400
2013-05-27,16418.5400,16460.7200,16503.3000,16408.1100
2013-05-28,16259.6200,16422.7600,16442.5700,16202.3000
2013-05-29,16110.1000,16264.8700,16267.7600,16053.3200
2013-05-30,16097.5400,16101.1000,16288.1000,16080.6700
2013-05-31,16049.6500,16097.5400,16189.0500,15913.7900
2013-06-03,15970.8400,16046.6900,16141.1300,15902.0100
2013-06-04,16063.2200,15979.9300,16068.0000,15900.0600
2013-06-05,15959.7300,16069.7700,16107.3500,15941.0600
2013-06-06,15914.9600,15961.1400,15969.2300,15885.9100
2013-06-07,16114.3300,15917.3300,16124.5200,15910.0600
2013-06-10,16145.8600,16121.8900,16167.3100,16040.3400
2013-06-11,15713.6900,16142.3800,16177.7400,15693.0600
2013-06-12,15761.3800,15717.1300,15801.1900,15667.8100
2013-06-13,16347.3800,15775.2500,16358.5500,15761.0400
2013-06-14,16437.4800,16363.2700,16519.1400,16310.3600
2013-06-17,16645.7000,16443.1600,16688.7400,16443.1600
2013-06-18,16714.6800,16655.4500,16792.1800,16655.4500
2013-06-19,16561.7500,16735.9300,16871.4900,16547.2700
2013-06-20,15746.1000,16564.7300,16564.7300,15620.9300
2013-06-21,15630.0800,15757.5900,15833.8100,15536.8400
2013-06-24,15250.5300,15622.1800,15622.1800,15194.1800
2013-06-25,15328.7400,15269.6600,15396.6600,15252.8100
2013-06-26,15134.2500,15338.7700,15338.7700,15060.5900
2013-06-27,15166.6700,15136.5000,15202.7900,15125.2100
2013-06-28,15549.5500,15168.8800,15579.2600,15137.7100
2013-07-01,15621.9500,15564.2600,15725.8800,15564.2600
2013-07-02,15492.3500,15618.1600,15659.6400,15475.6900
2013-07-03,15450.2400,15495.7300,15551.7300,15407.3700
2013-07-04,15415.3700,15453.8900,15468.4700,15369.7100
2013-07-05,15181.7000,15412.1400,15412.1400,15165.7200
2013-07-08,15152.4900,15193.6800,15258.4400,15124.4500
2013-07-09,14899.5300,15145.1300,15184.0000,14838.7000
2013-07-10,14643.0300,14908.0500,14929.3200,14633.6300
2013-07-11,14955.1100,14640.1500,15009.3500,14640.1500
2013-07-12,15013.6000,14955.2200,15037.6600,14941.6900
2013-07-15,15023.0000,15019.4100,15050.2000,14975.3100
2013-07-16,15136.1500,15034.4600,15138.0200,15027.2200
2013-07-17,15326.0100,15140.7400,15379.3300,15133.9100
2013-07-18,15318.5400,15328.8300,15395.2300,15293.4000
2013-07-19,15417.6500,15330.4900,15493.8200,15330.4900
2013-07-22,15524.3100,15418.8600,15635.8800,15418.8600
2013-07-23,15622.8000,15527.7000,15642.4000,15496.1700
2013-07-24,15412.8900,15632.8000,15657.7400,15405.8000
2013-07-25,15335.6700,15416.8500,15477.6600,15335.2200
2013-07-26,15310.9200,15348.2700,15348.2700,15261.3700
2013-07-30,15122.7700,15327.2600,15390.1200,15122.7700
2013-07-31,15118.4600,15144.5500,15157.0300,15037.5000
2013-08-01,15308.7600,15111.5600,15308.7600,15111.5600
2013-08-02,15298.0400,15313.8700,15375.3000,15295.7000
2013-08-05,15267.8700,15299.9500,15300.1100,15183.6800
2013-08-06,15045.4000,15274.1200,15274.1200,15013.8600
2013-08-07,15082.5800,15063.4600,15105.7500,15030.6300
2013-08-08,15226.9300,15086.6000,15238.2200,15086.6000
2013-08-09,15638.4100,15209.1900,15656.2200,15195.7800
2013-08-12,16255.6100,15611.3600,16315.6200,15603.2600
2013-08-13,16362.3200,16255.0900,16364.1800,16167.4500
2013-08-14,16500.9100,16366.4100,16507.6400,16366.4100
2013-08-15,16509.2600,16502.3700,16560.1600,16363.8600
2013-08-16,16525.4900,16504.1100,16608.8700,16480.8200
2013-08-19,16550.7600,16537.4500,16573.7800,16396.9500
2013-08-20,16681.0000,16560.6500,16698.4200,16537.7200
2013-08-21,16615.3100,16687.5400,16725.5400,16565.5700
2013-08-22,16596.2200,16615.3100,16678.7000,16578.0900
2013-08-23,16765.3600,16611.0300,16765.3600,16589.0500
2013-08-26,16855.5500,16758.4300,16891.5800,16758.4300
2013-08-27,16506.5700,16863.2500,16955.7600,16501.6200
2013-08-28,16521.5800,16512.3700,16550.8500,16467.0900
2013-08-29,16652.2200,16520.5400,16652.2200,16427.2500
2013-09-02,16714.5900,16648.5300,16719.8100,16643.4000
2013-09-03,16928.3900,16707.1900,16936.6200,16671.7100
2013-09-04,16826.8000,16924.5100,16928.7400,16812.5500
2013-09-05,16767.4100,16835.3900,16835.3900,16691.2300
2013-09-06,16966.7900,16770.9800,16969.6500,16770.9800
2013-09-09,16977.3200,16957.7400,16984.4000,16913.8000
2013-09-10,17130.3400,16970.3200,17138.5600,16945.0300
2013-09-11,17000.4300,17132.8300,17144.7400,16974.4000
2013-09-12,16498.5700,17002.5700,17002.5700,16473.7500
2013-09-13,16444.5400,16491.2400,16538.4100,16412.1700
2013-09-16,16645.7600,16440.6100,16670.8900,16440.6100
2013-09-17,16196.9300,16642.1000,16642.8200,16179.3000
2013-09-18,16154.2600,16189.1000,16414.1000,15761.8300
2013-09-19,16405.7000,16149.2500,16432.8200,16149.2500
2013-09-20,16115.2200,16387.0300,16387.0300,16085.2600
2013-09-23,16043.6900,16138.8800,16138.8800,16027.5700
2013-09-24,15906.8800,16051.4400,16061.4400,15882.6200
2013-09-25,16003.3200,15910.8700,16003.3200,15910.8700
2013-09-26,15805.0500,15998.4400,16042.9300,15805.0500
2013-09-27,15945.9700,15805.3900,15945.9700,15805.3900
2013-09-30,15919.7100,15946.5400,15994.3600,15885.4200
2013-10-01,15791.0000,15917.7700,15925.2800,15751.2800
2013-10-02,15816.6800,15791.0000,15873.0000,15791.0000
2013-10-03,15648.1900,15816.6800,15818.3200,15643.7500
2013-10-04,15530.8900,15653.4900,15691.8200,15522.1400
2013-10-07,15551.3100,15528.9200,15611.0900,15521.1200
2013-10-09,15512.2500,15541.2600,15541.2600,15441.6100
2013-10-10,15488.2700,15515.0400,15579.2100,15471.2900
2013-10-11,15460.9300,15494.5600,15494.5600,15386.7300
2013-10-14,15467.0300,15470.7400,15493.3200,15416.1800
2013-10-15,15503.3300,15478.8100,15503.3300,15418.2900
2013-10-16,15540.2400,15528.6500,15575.9800,15501.6900
2013-10-17,15734.0100,15535.8200,15770.5500,15524.0800
2013-10-18,15890.2800,15734.5900,15930.7500,15722.3600
2013-10-21,15916.4100,15889.3200,15991.9900,15884.0300
2013-10-22,16285.8100,15923.0700,16319.6700,15923.0700
2013-10-23,16197.6500,16291.0300,16291.0300,16178.9500
2013-10-24,16223.5200,16199.1700,16245.8700,16167.4100
2013-10-25,16196.6300,16223.1900,16228.0100,16164.9200
2013-10-28,16235.1500,16202.4100,16235.1500,16164.3600
2013-10-29,16393.7000,16233.8100,16472.9700,16224.4900
2013-10-30,16309.7800,16395.0100,16403.7500,16278.3000
2013-10-31,16322.0100,16332.0700,16435.1800,16261.4200
2013-11-04,16484.0900,16338.8300,16535.5000,16303.9800
2013-11-05,16436.3500,16502.2800,16521.3800,16368.7600
2013-11-06,16401.2600,16437.6800,16472.8200,16394.1500
2013-11-07,16204.1100,16417.5000,16427.1200,16198.1500
2013-11-08,15918.6900,16210.5700,16218.4000,15819.4200
2013-11-11,15945.7200,15919.1000,15966.0800,15895.3700
2013-11-12,15889.4700,15950.4000,15954.5300,15842.9100
2013-11-13,15729.6100,15894.5200,15946.1400,15698.7400
2013-11-14,15709.0400,15729.6100,15777.1300,15671.7700
2013-11-15,15725.1500,15712.4000,15748.5700,15669.6600
2013-11-18,15556.4100,15719.1300,15725.9100,15519.3900
2013-11-19,15310.4100,15569.8700,15569.8700,15270.0300
2013-11-20,15204.0500,15309.8500,15313.6400,15183.5200
2013-11-21,15124.5000,15206.8600,15206.8600,15093.6600
2013-11-22,15097.1300,15135.3400,15145.2700,15030.6400
2013-11-25,15032.6300,15088.6300,15110.4600,15007.8000
2013-11-26,15186.4500,15031.9700,15186.8300,14999.3900
2013-11-27,15174.7000,15184.2000,15198.9700,15136.8000
2013-11-28,15170.9900,15178.4400,15213.9300,15159.0700
2013-11-29,15200.4000,15173.4400,15224.5200,15165.1900
2013-12-02,15142.0600,15197.2200,15207.2200,15134.7600
2013-12-03,14767.7200,15145.6400,15145.6400,14754.6700
2013-12-04,14712.1200,14780.3600,14780.9400,14686.0000
2013-12-05,14654.5900,14716.5500,14716.5500,14636.6900
2013-12-06,14667.6500,14658.6300,14715.7500,14650.3200
2013-12-09,14779.0000,14671.7000,14783.3900,14669.0700
2013-12-10,15045.1300,14776.8900,15059.4900,14765.7200
2013-12-11,15079.7100,15041.4600,15079.7100,14985.8500
2013-12-12,15171.9900,15067.8600,15182.3100,15035.0800
2013-12-13,15264.7700,15190.1500,15332.0100,15168.8700
2013-12-16,15545.4000,15270.7200,15545.4000,15241.1400
2013-12-17,15716.9100,15546.3900,15729.4600,15538.4700
2013-12-18,15706.9600,15711.6000,15755.1400,15671.1300
2013-12-19,15574.7100,15709.6900,15740.0000,15516.1300
2013-12-20,15493.3700,15588.0200,15624.8800,15472.7700
2013-12-23,15472.1200,15497.7200,15510.1700,15425.6500
2013-12-24,15518.7400,15473.5800,15586.8300,15442.2100
2013-12-26,15593.0600,15514.8500,15649.0800,15514.8500
2013-12-27,15595.3800,15599.4900,15680.5300,15539.6400
2013-12-30,15642.7500,15589.1000,15662.8500,15589.1000
2013-12-31,15753.6500,15640.4700,15770.6500,15640.4700
2014-01-02,15876.4800,15753.6500,15971.9900,15753.6500
2014-01-03,15878.7500,15875.0000,15943.6200,15833.3700
2014-01-06,15839.6500,15883.6500,15918.3000,15837.4900
2014-01-07,15830.6200,15857.9500,15874.6600,15812.3300
2014-01-08,15955.5900,15830.6200,15961.4800,15822.6400
2014-01-09,15954.3000,15965.5900,16023.7300,15911.7600
2014-01-10,16072.7200,15967.7200,16120.7000,15962.8200
2014-01-13,16140.1600,16073.6900,16186.4700,16066.5000
2014-01-14,16133.4200,16140.9600,16192.5800,16070.6100
2014-01-15,16179.3000,16130.9200,16226.1700,15993.2100
2014-01-16,16321.6000,16179.3000,16334.3900,16179.3000
2014-01-17,16465.4300,16316.2900,16569.8600,16316.2900
2014-01-20,16535.0500,16466.7600,16542.1700,16461.0900
2014-01-21,16530.2400,16535.0500,16610.5000,16523.1700
2014-01-22,16380.6300,16530.2400,16540.4900,16362.5700
2014-01-23,16377.1600,16382.4300,16486.6800,16346.6000
2014-01-24,16056.1900,16382.5500,16436.2600,16014.9700
2014-01-27,15786.4900,16057.5400,16080.2300,15668.6300
2014-01-28,15633.7600,15794.5100,15826.5300,15590.3300
2014-01-29,15396.4500,15631.8100,15678.7200,15361.4800
2014-01-30,15550.2200,15399.2700,15555.3500,15331.5600
2014-01-31,15452.0500,15551.9900,15551.9900,15414.3700
2014-02-03,15050.9500,15451.6100,15482.7300,15011.3800
2014-02-04,15080.3900,15068.1300,15107.5500,15020.8000
2014-02-05,15071.9500,15079.8700,15121.3100,15063.0800
2014-02-06,15109.5300,15063.6700,15131.0400,15063.6700
2014-02-07,15349.0800,15107.5300,15353.2600,15107.5300
2014-02-10,15284.5800,15348.1800,15453.0700,15275.3400
2014-02-11,15330.4100,15284.5800,15375.9300,15284.5800
2014-02-12,15351.0100,15320.4900,15382.3200,15316.7800
2014-02-13,15447.6700,15345.5200,15486.6000,15330.3500
2014-02-14,15564.2300,15455.2100,15574.3100,15455.2100
2014-02-17,15604.3500,15566.8100,15604.3500,15546.0700
2014-02-18,15565.9300,15608.2700,15611.6500,15548.5100
2014-02-19,15417.8800,15567.8000,15575.4200,15396.8300
2014-02-20,15479.5100,15419.6700,15479.5100,15413.4500
2014-02-21,15564.7100,15478.2600,15576.5300,15469.3300
2014-02-24,15593.3100,15563.8700,15616.8600,15563.8700
2014-02-25,15488.6600,15592.6300,15592.6300,15442.3600
2014-02-26,15349.5000,15488.0500,15494.8100,15318.7600
2014-02-27,15306.9600,15362.5300,15382.3700,15255.0900
2014-02-28,15441.2600,15316.3600,15514.7500,15292.8500
2014-03-03,15156.8900,15443.4200,15487.9500,15142.3600
2014-03-04,15210.1900,15166.4000,15241.4800,15145.9800
2014-03-05,15184.2200,15212.3200,15234.4500,15156.1200
2014-03-06,15225.1200,15175.2200,15371.8800,15169.2100
2014-03-07,15129.2500,15223.7400,15246.5300,15118.0300
2014-03-10,15097.1100,15131.7800,15138.7800,15053.8000
2014-03-11,15110.2200,15106.8900,15193.1400,15104.3500
2014-03-12,15155.3500,15119.7700,15176.4900,15104.2700
2014-03-13,14874.9700,15150.2600,15198.4000,14850.4100
2014-03-14,14804.9400,14865.0000,14918.5700,14740.1800
2014-03-17,14768.5200,14804.9400,14805.4700,14737.6000
2014-03-18,14676.6300,14763.6600,14804.0100,14644.8300
2014-03-19,14455.7600,14675.0200,14678.3600,14445.5600
2014-03-20,14454.2300,14463.8700,14508.1700,14429.0800
2014-03-21,14407.3200,14458.1900,14566.4600,14402.4300
2014-03-24,14341.0200,14410.1300,14411.2500,14315.9600
2014-03-25,14134.5300,14330.3700,14424.6500,14082.1900
2014-03-26,14032.7800,14144.8100,14209.5600,14025.1300
2014-03-27,14037.4800,14027.9700,14066.4600,13978.0900
2014-03-28,14273.3200,14032.8600,14278.2400,14008.7400
2014-03-31,14298.9200,14272.1500,14323.9000,14248.8800
2014-04-01,14297.4400,14298.9200,14314.3000,14226.2400
2014-04-02,14298.8400,14295.8800,14431.7600,14292.6800
2014-04-03,14282.5500,14292.6500,14326.7800,14262.6100
2014-04-04,14298.8900,14282.5500,14406.5500,14266.9800
2014-04-07,14302.9500,14293.9700,14314.6900,14273.1100
2014-04-08,14496.3900,14307.6900,14515.9000,14299.0000
2014-04-09,14572.8800,14487.7800,14603.9000,14451.9200
2014-04-10,14761.2300,14576.4300,14789.5900,14576.4300
2014-04-11,14689.5700,14765.5000,14776.4000,14681.4400
2014-04-14,14769.2100,14693.4400,14811.5600,14688.6400
2014-04-15,14619.6700,14768.0300,14768.0300,14587.7700
2014-04-16,14648.5600,14621.6800,14693.9900,14620.1000
2014-04-21,14691.5100,14651.0000,14691.5100,14633.8600
2014-04-22,14800.9900,14690.9400,14802.6400,14683.8200
2014-04-23,14949.7400,14800.0400,14952.4200,14800.0400
2014-04-24,15129.6600,14947.6900,15157.7700,14947.6900
2014-04-25,15099.6500,15124.9400,15155.4600,15074.6100
2014-04-28,15093.6400,15101.7400,15141.5000,15082.7800
2014-04-29,15247.1300,15101.7600,15255.0300,15101.7600
2014-04-30,15528.3800,15252.8400,15552.9000,15252.8400
2014-05-02,15572.5200,15528.0700,15612.7300,15508.7900
2014-05-05,15636.6000,15584.6100,15672.9600,15578.0500
2014-05-06,15605.9800,15636.8700,15658.5100,15602.4600
2014-05-07,15677.0000,15623.1900,15701.6500,15593.6200
2014-05-08,15851.4000,15681.0400,15860.1300,15668.1000
2014-05-09,15881.3900,15850.8100,15898.4600,15776.3500
2014-05-12,16112.5200,15881.3900,16119.3100,15881.3900
2014-05-13,15815.8500,16112.3700,16174.1800,15811.6300
2014-05-14,15758.6800,15816.5000,15852.9800,15691.6900
2014-05-15,15792.3000,15755.6300,15842.1800,15698.1300
2014-05-16,15751.7300,15792.3000,15807.2600,15717.3000
2014-05-19,15670.9500,15750.6000,15765.5100,15650.0300
2014-05-20,15676.3200,15675.1100,15719.2200,15598.8900
2014-05-21,15642.0400,15696.3200,15701.2700,15610.5600
2014-05-22,15741.4000,15645.1600,15783.0900,15627.1900
2014-05-23,15788.0700,15743.1000,15814.1100,15742.2900
2014-05-26,15783.7900,15787.4600,15800.3500,15771.2700
2014-05-27,15770.3400,15792.8400,15792.8400,15689.3700
2014-05-28,15663.0900,15772.8400,15772.8400,15650.1400
2014-05-29,15672.4600,15664.5900,15694.5500,15639.1400
2014-05-30,15753.2500,15686.1200,15811.3200,15600.2000
2014-06-02,15740.1900,15753.3500,15820.1400,15681.1100
2014-06-03,15754.0000,15730.8800,15802.3600,15718.1600
2014-06-04,15667.7900,15756.2100,15819.9100,15644.5500
2014-06-05,15909.8200,15663.3300,15909.8200,15663.3300
2014-06-06,15957.1300,15902.3900,15958.1300,15882.4100
2014-06-09,16050.6400,15958.5900,16051.3200,15954.9700
2014-06-10,16051.5800,16058.6700,16107.0000,16026.6800
2014-06-11,16075.6200,16052.6600,16086.9700,16036.4300
2014-06-12,16236.0200,16076.8700,16287.8700,16076.8700
2014-06-13,16210.7200,16234.8800,16234.8800,16167.6400
2014-06-16,16254.8000,16211.1100,16254.8000,16203.6700
2014-06-17,16325.4100,16258.1500,16335.4700,16204.8300
2014-06-18,16416.8200,16322.2000,16422.5900,16322.2000
2014-06-19,16665.3300,16415.6100,16706.7900,16415.6100
2014-06-20,16641.5400,16664.9400,16720.7600,16606.8000
2014-06-23,16636.9000,16656.6100,16727.8500,16605.3000
2014-06-24,16490.8700,16636.3700,16636.3900,16489.8300
2014-06-25,16494.3500,16491.5500,16524.2700,16460.3000
2014-06-26,16553.7400,16500.0800,16609.9800,16484.5400
2014-06-27,16496.0100,16555.4700,16572.8600,16483.0400
2014-06-30,16662.2800,16507.5800,16690.7700,16497.6700
2014-07-01,16718.7200,16662.2800,16729.9300,16652.5800
2014-07-02,16766.6500,16718.3000,16789.7100,16686.4800
2014-07-03,16903.3300,16769.4000,16915.2000,16752.1700
2014-07-04,16986.0000,16898.5900,16987.5800,16861.3100
2014-07-07,16999.6200,16986.0000,17003.1600,16936.9800
2014-07-08,17082.0500,17004.7200,17108.4100,16975.8500
2014-07-09,17202.8700,17086.1600,17215.2300,17086.1600
2014-07-10,17137.3800,17203.7100,17293.8000,17055.8100
2014-07-11,17152.9500,17140.1200,17170.3000,17103.1100
2014-07-14,17066.8700,17150.8000,17171.2500,17026.4900
2014-07-15,16862.7000,17077.9800,17094.5500,16862.7000
2014-07-16,16852.0400,16861.7000,16913.7400,16833.5600
2014-07-17,16841.8800,16857.2500,16907.5000,16832.4400
2014-07-18,16871.2300,16853.6000,16882.6200,16829.0100
2014-07-21,16942.4700,16869.3000,16965.5700,16864.8500
2014-07-22,17006.0700,16940.5400,17088.2700,16940.5400
2014-07-23,17032.8800,17009.3900,17086.8200,16996.4500
2014-07-24,16968.5700,17032.8800,17449.3000,16942.2500
2014-07-25,17022.2000,16972.1000,17194.8000,16940.3200
2014-07-30,16882.8300,16991.8000,17015.4300,16838.2100
2014-07-31,16866.0700,16882.8300,16913.8900,16795.7900
2014-08-01,16922.1400,16860.4700,16972.1100,16860.4700
2014-08-04,16930.3300,16923.4000,16938.3100,16889.7600
2014-08-05,16787.3200,16932.0200,16942.9100,16749.9200
2014-08-06,16898.3800,16786.9000,16927.1200,16786.9000
2014-08-07,16861.8700,16920.2200,16945.4500,16811.0900
2014-08-08,16812.5400,16864.3100,16936.9300,16773.0300
2014-08-11,16843.5200,16808.5400,16894.5300,16788.5900
2014-08-12,16836.9300,16843.3700,16885.1400,16797.2000
2014-08-13,16799.9400,16834.2900,16834.2900,16781.6200
2014-08-14,16804.7500,16796.4300,16842.1000,16753.3200
2014-08-15,16758.5300,16803.0300,16803.9900,16710.8000
2014-08-18,16950.6100,16761.3700,16966.6500,16709.6700
2014-08-19,16954.8000,16948.0000,17000.8700,16922.6300
2014-08-20,16969.2000,16953.4500,16970.5100,16902.9700
2014-08-21,16979.4900,16978.6800,17010.0700,16953.4800
2014-08-22,17036.2100,16988.6900,17050.9900,16981.4600
2014-08-25,17029.7200,17035.6900,17052.2000,17012.9000
2014-08-26,16942.2700,17028.2800,17047.2500,16935.4000
2014-08-27,17026.9500,16942.2700,17052.9900,16942.2700
2014-08-28,17031.3800,17026.4800,17105.0500,17014.3600
2014-08-29,17010.8200,17029.9800,17062.1600,16954.0500
2014-09-01,17024.4900,17009.5400,17025.9000,16998.9500
2014-09-02,17013.9600,17023.2100,17079.4400,16998.5300
2014-09-03,17218.5500,16997.6700,17246.9200,16996.5900
2014-09-04,17040.5300,17218.5500,17241.3800,17028.4000
2014-09-05,17229.1800,17039.5200,17257.5400,17031.8700
2014-09-08,17248.5700,17230.4800,17260.3300,17167.9700
2014-09-09,17139.0600,17248.2300,17250.9400,17091.5000
2014-09-10,16989.3900,17143.0900,17165.9000,16979.0800
2014-09-11,17076.7200,16987.8000,17084.6000,16903.6100
2014-09-12,16925.7100,17075.2600,17083.5300,16899.4100
2014-09-15,17012.0000,16925.7100,17018.2400,16925.7100
2014-09-16,17074.8000,17017.7400,17090.1000,17012.3800
2014-09-17,17002.3500,17076.6700,17077.6700,16978.5300
2014-09-18,16908.7800,17005.7700,17006.6600,16892.6200
2014-09-19,16941.9500,16908.7800,17007.6400,16861.7900
2014-09-22,16768.5900,16942.5000,16945.1000,16736.7100
2014-09-23,16787.6100,16768.5900,16811.8200,16760.0800
2014-09-24,16724.6300,16780.7900,16787.6200,16702.8500
2014-09-25,16621.4800,16722.0100,16727.3400,16618.3200
2014-09-26,16600.7800,16620.9600,16636.3600,16566.0100
2014-09-29,16568.1900,16600.7800,16632.1000,16555.9500
2014-09-30,16226.6100,16566.7700,16566.7700,16162.1000
2014-10-01,15965.6300,16223.7800,16223.7800,15955.0900
2014-10-02,15736.3300,15981.8800,15986.3800,15736.3300
2014-10-03,15741.4600,15733.9500,15876.4600,15729.4800
2014-10-06,15702.6300,15741.3500,15814.0600,15685.3500
2014-10-07,15419.6400,15702.6300,15703.4900,15404.8700
2014-10-09,15454.5700,15409.5000,15519.9900,15409.5000
2014-10-10,15547.7800,15455.7300,15567.5400,15416.9300
2014-10-13,15601.3300,15547.1600,15614.7600,15544.4700
2014-10-14,15615.6600,15588.8100,15619.7800,15551.8400
2014-10-15,15819.1300,15613.0700,15819.1300,15571.4200
2014-10-16,15893.1100,15834.0300,15962.6600,15769.3400
2014-10-17,16134.2600,15919.2300,16317.4800,15919.2300
2014-10-20,15817.7000,16160.3600,16160.3600,15798.7100
2014-10-21,15773.5900,15810.4600,15951.1100,15754.8000
2014-10-22,15799.4800,15773.5900,15825.5100,15728.1800
2014-10-23,15996.6400,15801.7400,16007.8000,15772.3300
2014-10-24,16037.7000,15996.6400,16051.7500,15967.5300
2014-10-27,15879.4900,16036.5000,16080.4000,15860.3400
2014-10-28,16004.0200,15885.6800,16004.0200,15867.3000
2014-10-29,16023.1100,15956.2300,16080.8400,15924.0000
2014-10-30,15829.5300,16033.1300,16033.1300,15800.1800
2014-10-31,15673.2300,15854.4800,15858.5000,15648.1600
2014-11-03,15532.4400,15673.5100,15708.1800,15529.3900
2014-11-04,15438.9700,15532.4400,15570.8300,15434.0400
2014-11-05,15094.0700,15442.5000,15457.5300,15069.8800
2014-11-06,15180.7400,15103.7300,15240.3000,15103.7300
2014-11-07,15468.9800,15173.5000,15491.4200,15169.6800
2014-11-10,15446.4900,15467.8100,15545.9500,15408.4200
2014-11-11,15641.6800,15457.7500,15674.4700,15427.6000
2014-11-12,15479.6000,15646.6500,15654.3700,15444.6400
2014-11-13,15403.2400,15487.3300,15506.6600,15403.2400
2014-11-14,15280.6300,15412.0500,15441.8700,15263.9900
2014-11-17,15096.8600,15283.4800,15283.6700,15089.3700
2014-11-18,15177.2000,15114.5200,15215.9600,15084.6500
2014-11-19,15138.3000,15179.1600,15179.1600,15049.3200
2014-11-20,15186.3600,15144.6800,15297.7000,15142.4200
2014-11-21,15335.4100,15191.7400,15356.3000,15182.5400
2014-11-24,15344.0400,15336.7600,15406.9300,15306.9300
2014-11-25,15358.9400,15346.4700,15382.3200,15298.8600
2014-11-26,15358.5700,15358.7600,15402.4900,15318.9000
2014-11-27,15238.1900,15378.5200,15385.7900,15221.7800
2014-11-28,15106.4600,15255.4000,15255.4000,15076.1300
2014-12-01,15184.1400,15109.6100,15196.7900,15108.4100
2014-12-02,15057.5900,15186.3000,15212.1300,15021.0900
2014-12-03,15107.8700,15062.5600,15120.8200,15033.6500
2014-12-04,14972.3200,15110.1000,15133.1100,14972.3200
2014-12-05,14749.0300,14985.1500,14992.2400,14720.5900
2014-12-09,14833.5200,14739.0800,14909.9400,14739.0800
2014-12-10,14920.3700,14833.4200,14984.0300,14833.4200
2014-12-11,14854.1700,14919.3300,14943.5600,14845.4200
2014-12-12,14698.2100,14857.8300,14868.7700,14689.1500
2014-12-15,14422.6200,14699.4100,14699.4100,14396.5600
2014-12-16,14130.5900,14423.1500,14450.0700,14077.3000
2014-12-17,14149.2600,14130.1600,14217.2700,14098.8500
2014-12-18,14390.6000,14149.2600,14404.5700,14138.0500
2014-12-19,14474.4900,14381.5300,14528.8700,14357.8800
2014-12-22,14507.0100,14468.0700,14527.2700,14450.4600
2014-12-23,14551.4300,14500.5000,14607.7800,14500.5000
2014-12-24,14543.1900,14549.2200,14572.7700,14530.2500
2014-12-26,14669.0100,14549.0500,14696.7700,14549.0500
2014-12-29,14517.3800,14677.8100,14677.8100,14467.9300
2014-12-30,14724.4800,14508.0100,14742.0700,14508.0100
2014-12-31,14794.3200,14725.3000,14830.9300,14705.2200
2015-01-05,14540.8600,14754.1400,14821.2200,14510.6200
2015-01-06,14540.9300,14540.8600,14654.2400,14518.2500
2015-01-07,14489.6600,14540.4900,14559.9400,14464.7600
2015-01-08,14432.6100,14489.2200,14515.2800,14411.8900
2015-01-09,14384.3500,14449.6000,14452.5100,14367.0900
2015-01-12,14358.7000,14383.7100,14439.2200,14338.7400
2015-01-13,14018.2200,14380.1900,14396.0300,14008.7200
2015-01-14,13502.3400,14023.0800,14048.5200,13456.9100
2015-01-15,13537.4700,13519.1000,13685.6000,13511.2200
2015-01-16,13563.4000,13537.2300,13588.2600,13476.8900
2015-01-19,13578.1600,13539.6200,13579.3400,13539.6200
2015-01-20,13581.7400,13577.7300,13666.0000,13568.9500
2015-01-21,13394.8600,13563.3800,13610.7200,13390.5100
2015-01-22,13514.0900,13393.9900,13514.0900,13366.9000
2015-01-23,13484.0700,13511.3200,13511.3200,13419.6800
2015-01-26,13579.3300,13483.5000,13589.9500,13416.4900
2015-01-27,13740.5800,13582.5400,13742.6400,13582.5400
2015-01-28,13630.7400,13748.6600,13755.4200,13589.5700
2015-01-29,13465.2500,13629.0800,13636.3700,13417.1100
2015-01-30,13669.7800,13460.7600,13685.8600,13460.7600
2015-02-02,13542.8500,13681.4300,13728.6300,13538.0200
2015-02-03,13633.8800,13552.5900,13690.9800,13503.3000
2015-02-04,13755.5100,13632.9100,13761.2500,13624.6300
2015-02-05,13800.4100,13767.3700,13945.6800,13767.3700
2015-02-06,13534.7700,13805.5500,13807.5700,13514.5500
2015-02-09,13620.8600,13536.0400,13698.8500,13536.0400
2015-02-10,13552.8500,13612.8100,13612.8100,13534.9700
2015-02-11,13504.1300,13547.9300,13566.9300,13446.7500
2015-02-12,13679.4300,13509.1500,13709.3300,13509.1500
2015-02-13,13972.1400,13669.3800,14026.9100,13655.5500
2015-02-16,14048.3500,13971.3400,14089.3900,13954.8400
2015-02-17,13767.8300,14040.7000,14046.1000,13704.3900
2015-02-18,13836.1600,13767.8300,13836.1600,13727.2800
2015-02-19,13861.9200,13838.8400,13868.0900,13772.4800
2015-02-20,13768.6800,13885.1600,13889.9000,13660.9800
2015-02-23,13460.4300,13729.2500,13747.5400,13444.3900
2015-02-24,13493.6500,13444.4500,13507.6500,13444.4500
2015-02-25,13379.8300,13485.9200,13499.9800,13341.0300
2015-02-26,13353.2200,13378.7200,13412.2600,13313.0600
2015-02-27,13397.4200,13351.1300,13462.3100,13348.4800
2015-03-02,13420.8800,13412.5600,13433.7000,13361.4100
2015-03-03,13374.8900,13419.3100,13424.3100,13367.3900
2015-03-04,13334.8500,13372.5000,13389.3800,13302.4800
2015-03-05,13276.0000,13340.1900,13375.0300,13225.9500
2015-03-06,13018.5300,13276.0000,13281.9000,13004.2900
2015-03-09,12716.4800,13021.5300,13024.1200,12710.2100
2015-03-10,12634.0100,12710.8700,12710.8700,12603.1500
2015-03-11,12586.1900,12632.2200,12633.4400,12538.2500
2015-03-12,12634.3700,12587.2200,12667.2500,12580.0500
2015-03-13,12636.7500,12634.3700,12647.5200,12575.8900
2015-03-16,12479.8800,12636.7500,12643.0200,12463.1500
2015-03-17,12529.8100,12482.2900,12539.3700,12454.6200
2015-03-18,12620.6800,12529.5900,12625.8000,12518.0300
2015-03-19,12582.0600,12620.6800,12631.3100,12565.0500
2015-03-20,12690.2500,12582.0600,12704.4900,12575.0300
2015-03-23,12524.7800,12690.2500,12699.3900,12491.5500
2015-03-24,12521.4500,12525.0000,12540.7800,12504.4200
2015-03-25,12414.3500,12533.2100,12539.1800,12400.7400
2015-03-26,12374.4100,12426.4400,12426.4400,12354.0000
2015-03-27,12375.1100,12375.2000,12412.0800,12310.4200
2015-03-30,12417.1400,12367.7400,12433.6500,12344.6600
2015-03-31,12461.8100,12405.5800,12473.4800,12391.0400
2015-04-01,12717.9500,12464.2300,12736.9500,12456.8300
2015-04-06,12949.6100,12722.8500,13014.1700,12721.0100
2015-04-07,12878.1400,12961.2300,12976.3200,12871.9500
2015-04-08,12802.5600,12898.3700,12903.9600,12784.2300
2015-04-09,12823.1900,12802.5600,12836.1300,12776.1800
2015-04-10,12887.6500,12813.2700,12889.1900,12813.2700
2015-04-13,12884.1900,12886.0400,12895.6000,12815.6200
2015-04-14,12932.1400,12890.5400,12972.2900,12890.5400
2015-04-15,13020.7200,12934.1100,13034.8400,12925.5200
2015-04-16,13138.0100,13031.6200,13157.1300,13007.5800
2015-04-17,13044.4200,13133.8400,13151.0500,13036.1600
2015-04-20,12999.6200,13046.0400,13078.2700,12981.8900
2015-04-21,12967.0900,12999.4300,13017.1300,12957.7800
2015-04-22,13024.3400,12967.0900,13031.6400,12967.0900
2015-04-23,13075.3100,13025.8500,13090.2500,12982.8900
2015-04-24,13071.7000,13075.3100,13100.0300,13065.2900
2015-04-27,13183.4500,13071.7000,13206.6800,13071.7000
2015-04-28,13217.9500,13183.9400,13241.1200,13182.7500
2015-04-29,13237.6600,13214.5100,13284.6900,13201.8600
2015-04-30,13366.8600,13239.8200,13386.7700,13232.9100
2015-05-04,13595.5800,13433.3200,13644.7300,13429.8900
2015-05-05,13640.2600,13632.3600,13671.6100,13617.6900
2015-05-06,13617.9300,13700.7200,13706.9100,13581.0000
2015-05-07,13547.4600,13610.5800,13641.7300,13521.5600
2015-05-08,13516.8100,13513.0700,13591.1200,13511.6200
2015-05-11,13610.4500,13523.2600,13634.5300,13523.2600
2015-05-12,13623.6800,13611.7400,13662.0400,13577.4800
2015-05-13,13769.0600,13627.5700,13812.0100,13611.7300
2015-05-14,13772.3400,13783.4700,13834.2800,13765.9200
2015-05-15,13769.5200,13772.9100,13787.0100,13717.4500
2015-05-18,13604.8400,13768.6400,13793.9300,13597.1600
2015-05-19,13482.7100,13606.1400,13611.0400,13473.9600
2015-05-20,13478.7200,13466.0500,13522.4900,13466.0500
2015-05-21,13346.0100,13427.8800,13463.7500,13333.4400
2015-05-22,13391.7900,13261.3700,13446.4200,13261.3700
2015-05-25,13429.5600,13391.7900,13431.4400,13391.7000
2015-05-26,13256.7400,13445.3200,13445.3200,13251.0300
2015-05-27,13188.1500,13263.0500,13263.0500,13151.9200
2015-05-28,13188.7300,13197.3500,13197.3500,13139.3500
2015-05-29,13180.6100,13184.5500,13199.8800,13070.3800
2015-06-01,13048.1700,13181.2300,13202.6400,13048.1700
2015-06-02,13224.9300,13044.8800,13226.7000,13020.6000
2015-06-03,13088.8100,13225.3500,13229.8100,13063.8300
2015-06-04,13053.0300,13049.7600,13093.1600,13017.8800
2015-06-05,13052.0000,13038.9100,13071.6000,13014.9100
2015-06-08,12985.7700,13028.9000,13043.8600,12982.0800
2015-06-09,12946.1800,12999.3500,13004.6100,12938.1300
2015-06-10,13003.8800,12934.2800,13011.0500,12934.2700
2015-06-11,13007.1000,12982.8600,13025.2800,12956.1700
2015-06-12,13022.3600,13004.6300,13022.3900,12958.1300
2015-06-15,12960.0900,12961.2700,13054.0300,12945.1600
2015-06-16,12897.2900,12976.5000,12993.4500,12895.4300
2015-06-17,13065.6000,12888.7300,13069.2100,12888.7300
2015-06-18,13094.9800,13051.1500,13114.7100,13051.1000
2015-06-19,13131.0500,13119.4600,13152.1300,13097.7200
2015-06-22,13196.1200,13137.2700,13213.9300,13123.1400
2015-06-23,13244.7900,13187.8000,13281.2600,13187.8000
2015-06-24,13306.9900,13245.4100,13330.6400,13231.7500
2015-06-25,13187.6600,13287.7000,13295.4300,13176.8600
2015-06-26,13284.3700,13218.8800,13291.3400,13189.0300
2015-06-30,13113.1700,13327.1400,13327.1400,13090.5400
2015-07-01,13090.1000,13129.2600,13175.1100,13082.7600
2015-07-02,13052.9100,13108.2200,13108.2200,13043.8800
2015-07-03,13054.9100,13081.3100,13081.3700,13046.6400
2015-07-06,12896.7500,13057.3800,13057.3800,12893.1000
2015-07-07,12837.5600,12893.0900,12895.0900,12766.2100
2015-07-08,12694.8100,12850.4500,12885.3400,12672.0700
2015-07-09,12662.0600,12687.6400,12726.3900,12637.4500
2015-07-10,12701.4200,12662.0600,12712.6900,12647.6000
2015-07-13,12769.7200,12671.8500,12808.7300,12653.8300
2015-07-14,12795.8600,12785.8700,12795.8600,12731.3100
2015-07-15,12728.4300,12803.5100,12803.5100,12721.1800
2015-07-16,12696.5600,12737.2300,12753.7600,12672.3700
2015-07-17,12519.2600,12694.1600,12702.9500,12504.2300
2015-07-20,12257.7900,12535.7800,12547.0600,12255.1400
2015-07-21,12302.8300,12257.7900,12375.0700,12257.7900
2015-07-22,12236.2800,12309.7900,12316.5900,12227.5000
2015-07-23,12046.7400,12237.0400,12239.0000,12036.9300
2015-07-24,11969.0000,12029.3900,12057.9600,11932.1700
2015-07-27,11969.0000,12029.3900,12057.9600,11932.1700
2015-07-30,11968.6400,11964.8700,12009.5300,11953.9800
2015-07-31,11987.8800,11970.1400,12024.7400,11941.1100
2015-08-03,11759.6500,12009.7000,12026.5300,11756.2700
2015-08-04,11686.7100,11767.0200,11797.0200,11683.7900
2015-08-05,11720.5700,11689.3600,11736.2100,11686.9900
2015-08-06,11667.1900,11724.6000,11751.5400,11667.1700
2015-08-07,11609.3600,11658.4500,11691.4200,11592.8500
2015-08-10,11775.7800,11618.4300,11782.2000,11582.3500
2015-08-11,11615.3100,11791.9500,11797.9900,11594.0200
2015-08-12,11585.3700,11597.6200,11641.0400,11539.6500
2015-08-13,11513.4500,11583.2100,11626.3800,11510.0500
2015-08-14,10908.6600,11514.1600,11526.2500,10908.6600
2015-08-17,10737.6600,10916.4100,10931.6800,10728.5800
2015-08-18,10688.5100,10740.9700,10751.0100,10625.2400
2015-08-19,10559.6800,10699.6900,10699.7500,10541.8500
2015-08-20,10473.6600,10570.7000,10610.7400,10473.5700
2015-08-21,10193.8400,10481.3500,10494.4200,10193.2100
2015-08-24,9752.8100,10214.7300,10214.7300,9744.1200
2015-08-25,9782.6200,9755.0300,9894.3300,9740.8300
2015-08-26,9770.2100,9780.9900,9821.7100,9701.8300
2015-08-27,10257.3100,9759.7200,10290.4200,9756.4600
2015-08-28,10482.1500,10268.8500,10482.2500,10248.1400
2015-08-31,10340.4900,10516.4300,10516.4300,10298.1400
2015-09-01,10202.0900,10340.6500,10350.7800,10202.0900
2015-09-02,10192.6400,10208.6800,10218.3900,10176.6300
2015-09-03,10176.4500,10196.0900,10246.2400,10149.8400
2015-09-04,10089.1000,10140.0900,10204.6800,10089.1000
2015-09-07,10114.1400,10089.9100,10125.3800,10089.4600
2015-09-08,10166.4000,10095.3400,10174.4100,10095.3400
2015-09-09,10137.6300,10164.8200,10240.1500,10123.4300
2015-09-10,10263.7000,10143.2700,10263.9000,10132.6700
2015-09-11,10312.3600,10270.0900,10319.5900,10223.0900
2015-09-14,10266.0700,10310.6100,10323.5800,10260.1000
2015-09-15,10224.8400,10293.2500,10293.3100,10208.6600
2015-09-16,10316.2800,10225.1600,10316.6700,10218.3900
2015-09-17,10306.6700,10304.4100,10345.6500,10272.8700
2015-09-18,10277.1800,10273.7500,10295.3100,10237.8200
2015-09-21,10279.4500,10295.5400,10329.7600,10247.7600
2015-09-22,10102.3800,10294.2500,10294.2500,10083.6500
2015-09-23,10046.9800,10108.2900,10126.2900,10023.8500
2015-09-24,9982.9100,10057.9100,10086.8600,9967.1500
2015-09-25,9989.4200,10006.2200,10064.1100,9966.9800
2015-09-28,9838.0200,9989.7300,9995.2700,9833.3300
2015-09-29,9894.1900,9838.3300,9914.2400,9837.8900
2015-09-30,10030.5700,9885.6300,10030.5900,9876.7900
2015-10-01,10114.6500,10033.0500,10177.2400,10033.0500
2015-10-02,10072.6500,10114.7100,10130.8800,10006.7500
2015-10-05,10407.1000,10072.9600,10407.4100,10072.8300
2015-10-06,10499.6700,10407.4300,10516.9300,10407.2700
2015-10-07,10574.8000,10494.7800,10581.4200,10494.7800
2015-10-12,10613.2000,10535.7700,10711.8700,10535.7100
2015-10-13,10650.2800,10617.8000,10699.1300,10615.9000
2015-10-14,10759.6000,10648.6300,10763.1000,10638.8500
2015-10-15,10756.4300,10750.6600,10772.2200,10714.7400
2015-10-16,10646.0200,10751.7800,10759.2400,10646.0200
2015-10-19,10597.3300,10637.2100,10674.0900,10582.6100
2015-10-20,10629.2100,10545.2200,10630.5400,10545.2200
2015-10-21,10571.3100,10635.6900,10637.6100,10568.2800
2015-10-22,10650.8000,10548.2900,10650.8300,10548.2900
2015-10-23,10796.6700,10652.1000,10796.8700,10651.5800
2015-10-26,10781.8900,10788.2700,10829.4000,10774.5000
2015-10-27,10680.1100,10786.8300,10807.3900,10679.2800
2015-10-28,10691.8600,10677.1800,10758.1000,10663.3200
2015-10-29,10590.3600,10716.9800,10716.9800,10586.0500
2015-10-30,10545.6100,10596.4900,10614.0200,10530.3200
2015-11-02,10545.4100,10543.3600,10574.5600,10528.7900
2015-11-03,10624.4900,10567.9200,10638.4500,10557.6200
2015-11-04,10617.9600,10622.8800,10634.9300,10587.0700
2015-11-05,10584.7200,10644.7700,10644.7700,10558.2200
2015-11-06,10577.1300,10651.1200,10676.8700,10552.3400
2015-11-09,10550.5900,10570.7400,10581.2400,10484.6800
2015-11-10,10463.9100,10552.5000,10555.3000,10458.1800
2015-11-11,10538.0100,10469.7400,10599.7000,10465.3100
2015-11-12,10482.8900,10556.1400,10572.8400,10482.8900
2015-11-13,10406.5700,10495.8200,10499.2000,10381.1800
2015-11-16,10368.9300,10409.3800,10421.4000,10367.7300
2015-11-17,10334.0100,10369.2400,10451.8700,10328.0000
2015-11-18,10313.4400,10330.3000,10377.2500,10313.4400
2015-11-19,10424.2900,10315.5900,10426.6700,10315.5900
2015-11-20,10413.4400,10419.3200,10431.0400,10384.8200
2015-11-23,10422.1100,10423.9700,10437.9300,10289.7800
2015-11-24,10458.0900,10432.9000,10468.6800,10405.2300
2015-11-25,10378.5500,10476.3900,10479.5800,10378.5500
2015-11-26,10377.4000,10378.7000,10384.7100,10359.4600
2015-11-27,10223.3300,10397.3800,10397.4400,10221.6000
2015-11-30,10226.1800,10235.1600,10263.6500,10190.5200
2015-12-01,10301.3400,10222.2400,10305.5600,10222.2400
2015-12-02,10172.9700,10274.7500,10323.7600,10172.9700
2015-12-03,10132.4900,10163.0100,10175.5600,10109.2100
2015-12-04,10246.7800,10132.1900,10248.7200,10129.2300
2015-12-07,10184.8000,10252.8600,10262.4200,10171.8200
2015-12-09,10175.9700,10193.2600,10245.9000,10167.9700
2015-12-10,10079.2900,10191.6800,10191.7300,10079.1500
2015-12-11,10014.6800,10096.3400,10110.7900,10012.1200
2015-12-14,9876.1600,10039.3100,10039.3300,9863.5000
2015-12-15,9898.8800,9855.6700,9979.0400,9855.6700
2015-12-16,9926.3300,9893.3100,9954.6000,9888.1200
2015-12-17,9874.4300,9905.7800,9935.4700,9872.2200
2015-12-18,9675.6800,9881.7500,9896.5400,9668.4400
2015-12-21,9641.4500,9674.2500,9714.0600,9633.4300
2015-12-22,9706.8600,9627.2100,9713.5100,9627.1400
2015-12-23,9867.8100,9716.5900,9869.2100,9710.5000
2015-12-24,9872.9300,9851.2400,9882.6900,9851.2000
2015-12-28,9738.0800,9891.5700,9896.3800,9734.9500
2015-12-29,9822.8500,9747.8200,9827.5200,9739.7700
2015-12-30,9799.7900,9837.2700,9837.2700,9790.4300
2015-12-31,9848.5900,9825.1500,9848.5900,9803.5300
2016-01-04,9793.0900,9863.5800,9879.7700,9762.4500
2016-01-05,9697.0800,9808.5800,9816.9200,9691.4900
2016-01-06,9613.1500,9716.7100,9724.8800,9613.1500
2016-01-07,9454.6200,9645.0500,9651.4500,9448.5500
2016-01-08,9328.2000,9456.0000,9481.2100,9328.1100
2016-01-11,9152.2700,9328.2000,9330.8300,9152.2700
2016-01-12,9157.3200,9151.7500,9201.8800,9133.8600
2016-01-13,9097.1200,9152.7800,9183.5900,9097.1200
2016-01-14,9108.8600,9105.0900,9133.1900,9069.3900
2016-01-15,9047.4000,9142.1300,9142.1300,9019.1400
2016-01-18,9036.9600,9054.2500,9063.2200,9035.9600
2016-01-19,8892.2600,9026.5600,9052.2300,8890.5700
2016-01-20,8878.1500,8896.4000,8907.6500,8813.3200
2016-01-21,8882.7600,8878.1500,8909.6400,8865.2700
2016-01-22,9034.2600,8875.1600,9050.0700,8875.1600
2016-01-25,9058.1400,9033.0800,9092.4500,9023.8400
2016-01-26,9171.4900,9065.8500,9176.5300,9058.6000
2016-01-27,9231.3700,9171.4900,9252.1400,9155.3800
2016-01-28,9307.9700,9235.5000,9348.0800,9228.8800
2016-01-29,9391.8400,9307.9700,9398.3100,9307.6200
2016-02-01,9430.4400,9402.9400,9465.8000,9386.3800
2016-02-02,9275.2700,9443.0300,9447.4100,9275.2700
2016-02-03,9412.6900,9275.2700,9418.7900,9224.0700
2016-02-04,9682.7200,9401.9000,9682.9500,9389.8100
2016-02-05,9699.6100,9682.7200,9705.7100,9638.1600
2016-02-08,9684.1400,9723.2900,9745.6900,9673.0400
2016-02-09,9668.8000,9684.1400,9716.4300,9569.7300
2016-02-10,9885.2200,9661.9000,9888.9100,9660.3100
2016-02-11,10014.3000,9907.2100,10024.4600,9809.4900
2016-02-12,10205.0400,9998.6300,10240.2900,9998.3500
2016-02-15,10242.8300,10206.5000,10242.9000,10203.2400
2016-02-16,10274.0600,10251.6100,10338.7500,10231.7300
2016-02-17,10339.1400,10271.2800,10345.3800,10216.2500
2016-02-18,10374.1900,10334.7100,10422.6400,10334.6700
2016-02-19,10372.4300,10394.9100,10394.9800,10349.9900
2016-02-22,10586.2400,10356.2200,10598.2000,10356.1800
2016-02-23,10608.5000,10587.6800,10620.1700,10577.2700
2016-02-24,10675.5900,10622.1800,10675.6200,10559.1100
2016-02-25,10732.7900,10675.1300,10735.5700,10662.2000
2016-02-26,10716.3300,10704.0800,10771.8900,10693.8200
2016-02-29,10742.1900,10706.6000,10755.5900,10672.0300
2016-03-01,10771.9900,10762.0500,10804.4600,10732.5500
2016-03-02,11055.8000,10775.8200,11065.7900,10774.3300
2016-03-03,11140.0700,11051.3700,11141.3800,10985.4000
2016-03-04,11278.5800,11140.0700,11363.8600,11038.8900
2016-03-07,11419.8900,11291.8000,11436.1200,11286.5500
2016-03-08,11382.7900,11439.9100,11498.0100,11368.5100
2016-03-09,11497.3800,11368.0000,11534.6300,11303.0400
2016-03-10,11400.6800,11505.9000,11514.6500,11327.6100
2016-03-11,11293.9500,11367.3900,11385.1700,11213.9700
2016-03-14,11261.4800,11339.3200,11359.4900,11197.7300
2016-03-15,11140.2700,11269.9300,11269.9300,11133.1700
2016-03-16,11295.5600,11110.4200,11295.5800,11110.4200
2016-03-17,11678.6800,11310.6300,11686.1800,11304.4400
2016-03-18,11987.5000,11681.1400,11990.0600,11681.1400
2016-03-21,12086.3900,11996.3800,12112.0500,11966.9300
2016-03-22,12042.4500,12087.1000,12145.0600,12037.7100
2016-03-23,11824.5700,12049.3400,12077.9600,11817.5000
2016-03-28,11730.8800,11816.5300,11820.1300,11645.4000
2016-03-29,11798.8600,11725.3100,11882.9800,11659.5600
2016-03-30,12071.7900,11755.6800,12078.8500,11740.5400
2016-03-31,12057.9300,12075.3700,12076.0000,11649.0700
2016-04-01,11890.4300,12112.4900,12119.9300,11885.0800
2016-04-04,11734.6500,11868.7500,11889.1700,11726.8200
2016-04-05,11791.4300,11758.5500,11811.4700,11650.8100
2016-04-06,11709.1200,11813.1500,11846.4200,11639.0000
2016-04-07,11410.0200,11682.2000,11773.5100,11372.4000
2016-04-08,11524.8100,11396.5800,11524.8100,11316.9100
2016-04-11,12517.3800,11511.4800,12771.2700,11511.4800
2016-04-12,12801.1300,12537.5800,12835.9800,12468.1100
2016-04-13,12938.7800,12809.8300,13027.2300,12807.1900
2016-04-14,12767.4900,13003.6500,13003.6500,12733.8000
2016-04-15,12814.6600,12767.1000,12823.5500,12726.7100
2016-04-18,12974.6500,12813.6900,12974.6600,12813.6800
2016-04-19,13278.4800,12998.3600,13284.9600,12993.4700
2016-04-20,13242.2700,13252.1500,13357.5800,13242.0200
2016-04-21,13295.9200,13265.7600,13376.5200,13263.1400
2016-04-22,13197.0900,13293.0700,13321.8800,13152.7500
2016-04-25,13170.1600,13194.6600,13217.7000,13141.3500
2016-04-26,13263.8200,13175.7700,13267.1400,13116.3900
2016-04-27,13442.8900,13264.0300,13455.5100,13248.9300
2016-04-28,13509.8000,13442.8900,13559.6700,13442.8900
2016-04-29,13702.4700,13501.5600,13704.5300,13501.5300
2016-05-02,13746.0000,13649.0900,13816.0500,13649.0600
2016-05-03,13545.0600,13738.5100,13791.6100,13505.9200
2016-05-04,13267.0700,13542.2100,13543.5100,13235.1800
2016-05-05,13262.2300,13272.0500,13359.6900,13223.7300
2016-05-06,13332.0100,13292.5800,13385.9600,13262.6800
2016-05-09,13143.6000,13333.2200,13341.3800,13124.8200
2016-05-10,13451.7700,13137.8900,13451.7700,13129.5800
2016-05-11,13549.4800,13451.7700,13575.9800,13451.7700
2016-05-12,13523.9500,13510.7900,13587.9300,13473.2900
2016-05-13,13641.9800,13570.7100,13765.5000,13529.8300
2016-05-16,13762.6000,13636.6600,13817.1600,13623.3200
2016-05-17,13723.5400,13762.6600,13793.5000,13672.2800
2016-05-18,13565.8600,13741.3600,13741.3600,13565.8600
2016-05-19,13416.5400,13566.2600,13571.1900,13396.0100
2016-05-20,13418.1300,13390.0400,13437.5900,13388.8900
2016-05-23,13498.1500,13414.1100,13555.7500,13410.8500
2016-05-24,13439.2400,13492.9000,13509.0600,13380.7100
2016-05-25,13491.7500,13416.9400,13502.2000,13402.6700
2016-05-26,13581.2600,13490.9400,13581.2600,13396.8400
2016-05-27,13552.6100,13573.1400,13626.5000,13538.7900
2016-05-30,13605.0800,13560.7000,13611.1000,13556.8700
2016-05-31,13535.9700,13601.0400,13631.5800,13512.9600
2016-06-01,13555.7600,13543.5900,13567.7100,13489.7800
2016-06-02,13660.1600,13556.5600,13712.6900,13530.7400
2016-06-03,13949.1000,13658.1400,13951.5000,13658.1000
2016-06-06,13949.1400,13948.4700,13991.6000,13872.9700
2016-06-07,13901.0100,13989.2400,13989.6200,13861.3700
2016-06-08,13910.3700,13898.4900,14111.5300,13898.4900
2016-06-09,13980.6300,13935.6900,13996.1100,13839.6300
2016-06-10,13775.9200,13986.9700,14023.0900,13758.3800
2016-06-13,13621.6400,13775.9200,13807.0600,13585.9700
2016-06-14,13443.4600,13646.2300,13660.8600,13426.1300
2016-06-15,13695.7900,13439.4300,13753.2900,13417.3400
2016-06-16,13626.0800,13701.9900,13872.6300,13574.7500
2016-06-17,13644.8400,13603.5900,13802.8000,13591.2400
2016-06-20,13645.0000,13621.3900,13694.1200,13564.8400
2016-06-21,13636.0100,13643.3400,13674.9800,13576.2300
2016-06-22,13616.4900,13641.4000,13659.6700,13589.5700
2016-06-23,13771.8500,13622.9100,13787.2900,13585.1000
2016-06-24,13487.6900,13767.6500,13930.9400,13480.8800
2016-06-27,13395.2000,13490.9400,13512.0200,13245.5100
2016-06-28,13533.9900,13379.0800,13585.2000,13379.0200
2016-06-30,13856.9000,13469.2500,13859.4100,13469.2500
2016-07-01,13968.3900,13871.2400,13975.1600,13834.2300
2016-07-04,14034.8400,13958.1900,14034.8400,13958.1900
2016-07-05,13790.5000,14051.0700,14058.1600,13782.1200
2016-07-06,13808.9000,13792.6000,13813.6700,13683.5000
2016-07-07,13775.7300,13801.3300,13819.8400,13745.2800
2016-07-08,14052.0800,13775.7300,14068.0100,13766.0400
2016-07-11,14149.2500,14058.9400,14157.0600,14036.5100
2016-07-12,14227.5400,14134.1800,14273.9300,14132.0600
2016-07-13,14308.2700,14195.9500,14333.1100,14188.7400
2016-07-14,14454.6800,14316.9900,14454.6800,14269.4100
2016-07-15,14412.6200,14455.5600,14482.9200,14391.5600
2016-07-18,14543.6700,14410.2100,14549.2200,14410.2100
2016-07-19,14567.2200,14548.7600,14603.7900,14505.1000
2016-07-20,14578.8400,14567.2200,14637.3800,14488.6400
2016-07-21,14777.6400,14572.2500,14777.6400,14562.9400
2016-07-22,14762.8700,14777.6400,14821.2400,14695.3600
2016-07-25,14765.3100,14774.2000,14802.1200,14710.9700
2016-07-26,14904.2100,14774.0800,14920.6100,14767.7200
2016-07-27,15210.9700,14911.7300,15213.8200,14908.7200
2016-08-01,15367.3200,15200.9900,15385.7200,15200.9700
2016-08-02,15333.1800,15365.0200,15454.5000,15305.2400
2016-08-03,15404.7700,15324.4800,15500.1600,15323.4500
2016-08-04,15455.2800,15398.7700,15469.0900,15387.3300
2016-08-05,15395.3500,15457.6000,15468.2600,15340.6300
2016-08-08,15301.4900,15388.4200,15441.8900,15290.3000
2016-08-09,15233.4900,15377.2100,15379.7600,15127.0900
2016-08-10,15376.1100,15233.4900,15397.9600,15233.4900
2016-08-11,15442.2200,15299.9000,15471.9900,15299.8900
2016-08-12,15373.6800,15425.4100,15553.1300,15367.8300
2016-08-15,15434.2500,15377.3900,15477.9500,15352.6300
2016-08-16,15386.4400,15427.2500,15463.0800,15370.5000
2016-08-17,15376.2200,15393.4200,15425.4800,15312.7500
2016-08-18,15528.9400,15372.5100,15554.2400,15343.7500
2016-08-19,15590.3000,15506.6400,15607.1500,15502.7400
2016-08-22,15555.9400,15593.8200,15606.9400,15492.5000
2016-08-23,15538.4100,15538.7500,15610.6900,15522.5800
2016-08-24,15308.4600,15561.5200,15561.5700,15261.3700
2016-08-25,15271.6700,15314.8600,15364.7400,15234.7000
2016-08-26,15220.1500,15265.9800,15411.4500,15211.1400
2016-08-29,15393.4800,15237.4200,15420.7100,15228.9000
2016-08-31,15130.2400,15450.4500,15450.4900,15101.8000
2016-09-01,15257.0000,15133.3600,15315.0600,15109.4300
2016-09-02,15468.0000,15254.9700,15468.0000,15254.9700
2016-09-05,15564.4200,15467.9900,15571.9900,15467.9900
2016-09-06,15688.4900,15562.1300,15688.4900,15524.8500
2016-09-07,15738.3000,15674.9600,15738.4400,15619.3700
2016-09-08,15715.2900,15726.6000,15772.5100,15673.8400
2016-09-09,15482.8500,15755.2000,15774.3200,15473.7300
2016-09-12,15524.8200,15485.1400,15531.0500,15380.3000
2016-09-13,15297.2300,15527.5500,15527.5800,15256.7000
2016-09-14,15301.9400,15311.8300,15333.2000,15265.8600
2016-09-15,15312.2800,15236.5500,15351.1200,15204.8200
2016-09-16,15135.8000,15317.7100,15345.8800,15135.8000
2016-09-19,15201.7700,15129.1100,15230.9100,15101.1200
2016-09-20,15241.2100,15223.3400,15243.4100,15165.6300
2016-09-21,15373.8800,15247.9600,15394.9900,15238.6900
2016-09-22,15456.3000,15330.6300,15495.2900,15242.0400
2016-09-23,15324.6300,15462.7700,15523.9500,15323.6100
2016-09-26,15208.5100,15323.7100,15333.4900,15199.5800
2016-09-27,15074.8000,15199.4900,15219.8500,15039.4300
2016-09-28,15222.9800,15080.6200,15231.1800,15071.3500
2016-09-29,15277.7800,15223.4400,15295.8900,15222.7300
2016-09-30,15296.9800,15269.2300,15432.5600,15255.5600
2016-10-03,15246.6500,15296.9800,15336.3400,15222.8500
2016-10-04,15072.0400,15252.0600,15313.8400,15061.9300
2016-10-05,15071.0700,15027.7700,15101.4500,15006.0600
2016-10-06,15005.1300,15066.6400,15088.4500,14970.1300
2016-10-07,15060.6000,15006.2300,15118.9700,15005.7700
2016-10-10,15068.8900,15061.9200,15109.8300,14997.6700
2016-10-11,15007.1700,15149.9100,15149.9300,14994.2200
2016-10-12,15066.1800,15005.1800,15070.3500,15002.4100
2016-10-13,14986.0900,15056.6600,15090.5000,14974.0100
2016-10-14,15012.5800,14981.6900,15064.1500,14962.8800
2016-10-17,14993.8200,15015.2300,15020.5300,14953.6800
2016-10-18,15175.1500,14959.6200,15181.1300,14959.6200
2016-10-19,15294.9900,15161.2500,15322.9100,15161.2100
2016-10-20,15311.1900,15297.2500,15363.4700,15267.2400
2016-10-21,15243.7100,15331.6100,15337.4900,15208.2800
2016-10-24,15181.7000,15246.4300,15249.3700,15129.9900
2016-10-25,15247.5700,15156.8800,15299.9800,15156.8500
2016-10-26,15256.8300,15217.8500,15299.0100,15208.2900
2016-10-27,15186.1400,15255.0200,15290.8700,15149.1600
2016-10-28,15100.8600,15265.1800,15265.2400,15020.9500
2016-10-31,15171.0400,15083.3800,15183.5500,15079.7900
2016-11-02,15055.6100,15197.8900,15298.9100,15048.2300
2016-11-03,15002.9400,15049.1700,15069.7800,14993.0700
2016-11-04,15163.6000,15006.9300,15235.8500,15000.0000
2016-11-07,15409.8500,15215.6700,15419.3800,15112.6800
2016-11-08,15336.1700,15378.8300,15410.1000,15283.7100
2016-11-09,15440.1800,15502.9900,15507.3300,15333.0800
2016-11-10,15784.2900,15509.0300,15888.6400,15480.5700
2016-11-11,15516.4500,15756.7100,15869.3100,15516.4500
2016-11-14,15477.2900,15516.4500,15554.7900,15450.9600
2016-11-15,15361.2600,15497.3500,15501.0100,15298.9300
2016-11-16,15258.2200,15361.2600,15412.8600,15200.0100
2016-11-21,15196.7200,15274.5500,15311.7600,15191.9200
2016-11-22,15246.7900,15196.7200,15286.8900,15149.3500
2016-11-23,15266.0600,15286.9400,15286.9400,15157.9000
2016-11-24,15307.4300,15261.6000,15333.6400,15250.8200
2016-11-25,15390.6000,15309.6700,15425.7700,15287.2000
2016-11-28,15396.9400,15372.5900,15422.2500,15356.6300
2016-11-29,15303.2800,15423.9800,15439.7600,15300.0700
2016-11-30,15414.9700,15293.6400,15451.1600,15263.3900
2016-12-01,15545.9700,15417.2200,15577.2900,15417.2200
2016-12-02,15484.8500,15518.6800,15587.1300,15463.2700
2016-12-05,15601.2400,15477.8300,15607.3900,15474.2400
2016-12-06,15591.8400,15593.4800,15627.8400,15570.1400
2016-12-07,15633.2800,15584.9900,15665.4400,15570.3600
2016-12-09,15612.9400,15617.2100,15646.4500,15577.4700
2016-12-12,15484.5500,15543.9800,15666.3100,15477.9500
2016-12-13,15434.2300,15500.4900,15515.5600,15344.8400
2016-12-14,15433.6800,15445.5900,15564.9900,15399.4700
2016-12-15,15384.9800,15529.3900,15529.3900,15316.6900
2016-12-16,15404.7200,15389.2700,15438.7800,15339.6400
2016-12-19,15360.0100,15406.9800,15430.4900,15313.8800
2016-12-20,15438.7900,15350.5400,15438.7900,15294.2900
2016-12-21,15577.9900,15443.2800,15591.7100,15407.1900
2016-12-22,15535.0100,15635.4000,15635.4000,15534.4300
2016-12-23,15433.7400,15525.8500,15565.2800,15427.8300
2016-12-26,15453.0500,15446.0700,15496.5100,15437.6800
2016-12-27,15491.2700,15485.0500,15497.9800,15439.8100
2016-12-28,15529.0400,15486.6800,15546.2800,15444.5900
2016-12-29,15607.6400,15499.1800,15621.4800,15499.1800
2016-12-30,15566.9600,15616.7000,15650.9600,15523.3100
2017-01-02,15534.9400,15566.9600,15589.6400,15534.9400
2017-01-03,15827.4300,15595.1100,15827.5500,15532.7100
2017-01-04,15970.5000,15826.7300,15972.8600,15786.3400
2017-01-05,16036.0900,15938.8700,16036.3000,15926.3400
2017-01-06,15984.8100,16032.5200,16068.7700,15940.4000
2017-01-09,16044.7400,15982.4500,16064.6900,15941.1300
2017-01-10,16205.7400,16047.1100,16227.0800,16043.1500
2017-01-11,16079.9200,16222.4800,16232.6900,16059.6100
2017-01-12,16009.3200,16053.7500,16078.1400,15987.6500
2017-01-13,16018.0400,16011.7000,16074.4500,15948.0800
2017-01-16,16011.1900,16016.6100,16060.0100,16000.1500
2017-01-17,15905.3700,15968.4300,16025.6400,15875.7200
2017-01-18,15895.0000,15942.4700,16028.8000,15882.7600
2017-01-19,15726.7400,15901.1900,15918.7700,15726.6400
2017-01-20,15696.1000,15712.9800,15763.3400,15626.8100
2017-01-23,15838.1400,15646.5800,15852.7500,15644.8000
2017-01-24,16096.6400,15821.3100,16127.6100,15778.2700
2017-01-25,16199.8200,16079.4800,16205.4700,16057.5500
2017-01-26,16056.3300,16181.8700,16243.5100,16052.4400
2017-01-27,16023.4900,16040.7400,16070.5300,15977.9000
2017-01-30,15944.5000,16021.7900,16031.8400,15909.5900
2017-01-31,15983.9500,15942.0800,16004.8300,15915.2100
2017-02-01,16048.5300,15986.3900,16049.3800,15906.3000
2017-02-02,16082.4600,16048.5300,16087.1900,15960.1800
2017-02-03,16149.3700,16082.4600,16185.1700,16058.0400
2017-02-06,16242.6400,16149.3700,16265.0500,16140.1000
2017-02-07,16407.1500,16272.2800,16427.5000,16234.6300
2017-02-08,16415.5400,16401.1800,16429.7300,16337.1100
2017-02-09,16283.9200,16373.0700,16422.3700,16282.6800
2017-02-10,16441.8600,16286.4100,16446.2000,16235.4800
2017-02-13,16444.8700,16463.0900,16542.4200,16410.7400
2017-02-14,16327.0800,16447.3900,16458.0500,16306.5800
2017-02-15,16344.8200,16373.6900,16373.6900,16288.8900
2017-02-16,16299.1900,16345.0700,16361.4000,16273.7000
2017-02-17,16254.5300,16301.7000,16348.4200,16174.9400
2017-02-20,16179.5500,16240.8500,16246.4200,16173.5900
2017-02-21,16314.1100,16224.4000,16317.6000,16137.7700
2017-02-22,16319.3400,16281.4500,16329.9500,16262.0200
2017-02-23,16223.6400,16310.7800,16325.0200,16218.3500
2017-02-24,15935.2000,16223.6400,16250.8000,15930.9800
2017-02-27,15740.4100,15908.2700,15928.9800,15734.2300
2017-02-28,15766.1200,15771.8700,15853.1900,15742.3600
2017-03-01,16030.3900,15799.9300,16043.8200,15739.0300
2017-03-02,15916.1800,16050.0600,16050.0600,15916.1600
2017-03-03,15896.2600,15860.4300,15968.4100,15857.4800
2017-03-06,15608.7600,15905.9500,15911.1900,15603.2200
2017-03-07,15449.8800,15637.1900,15637.2000,15432.3900
2017-03-08,15391.9200,15499.3300,15504.5900,15336.7100
2017-03-09,15274.7300,15434.9300,15434.9300,15255.0600
2017-03-10,15306.2800,15304.9200,15337.5600,15223.0500
2017-03-13,15315.0800,15261.4200,15359.6500,15261.3600
2017-03-14,15054.7700,15310.4200,15323.9600,15054.7200
2017-03-15,15293.5000,15029.0700,15294.5300,15003.5000
2017-03-16,15504.0900,15328.7000,15506.8700,15316.2100
2017-03-17,15518.4400,15471.2500,15524.2800,15429.8700
2017-03-20,15544.9500,15520.8300,15584.3900,15508.4500
2017-03-21,15462.3800,15528.1900,15553.8800,15394.7200
2017-03-22,15412.4500,15509.9500,15509.9500,15365.4700
2017-03-23,15492.4700,15423.1400,15492.5600,15352.6100
2017-03-24,15512.0500,15499.6300,15554.1300,15475.7100
2017-03-27,15460.6200,15515.8800,15568.7900,15441.8300
2017-03-28,15581.4900,15429.7200,15624.8100,15429.7100
2017-03-29,15624.9300,15581.4900,15638.7300,15535.5700
2017-03-30,15673.1200,15630.2300,15692.5400,15628.0000
2017-03-31,15757.0100,15698.4500,15774.7100,15615.7800
2017-04-03,15787.4200,15744.8800,15846.7900,15701.0700
2017-04-04,15924.8100,15787.4200,15938.2200,15768.7400
2017-04-05,15997.8500,15921.8800,16024.6400,15916.4000
2017-04-06,15910.7800,15995.3900,16015.9800,15907.0200
2017-04-07,15844.2000,15897.5500,15935.3100,15826.6500
2017-04-10,15779.1100,15828.1100,15841.8400,15735.4100
2017-04-11,15791.0000,15775.7000,15827.6000,15746.1300
2017-04-12,15841.9500,15800.7200,15929.1700,15800.7200
2017-04-17,15750.6300,15841.9500,15866.7600,15723.6500
2017-04-18,15617.2900,15751.1200,15777.2500,15600.8400
2017-04-19,15586.9300,15626.4200,15645.9800,15555.0800
2017-04-20,15686.2300,15586.9300,15704.3500,15581.1400
2017-04-21,15646.3900,15659.9200,15702.9400,15603.7700
2017-04-24,15545.5900,15646.3900,15646.4000,15543.4900
2017-04-25,15538.1300,15542.4800,15570.4300,15475.0000
2017-04-26,15654.9000,15545.3100,15655.4600,15545.3100
2017-04-27,15495.3300,15654.9000,15657.2200,15463.8600
2017-04-28,15559.3000,15500.1000,15572.1300,15500.1000
2017-05-02,15703.4800,15559.5400,15703.5100,15485.4500
2017-05-03,15661.0500,15701.5500,15718.8500,15620.3600
2017-05-04,15595.6400,15670.6900,15684.2200,15561.2800
2017-05-05,15722.3100,15595.6400,15722.3400,15484.4000
2017-05-08,15772.6000,15708.3700,15778.4000,15669.7100
2017-05-09,15870.7100,15774.0400,15878.1100,15760.8400
2017-05-10,16024.4200,15870.7100,16024.4200,15836.9500
2017-05-11,16134.2400,16021.9900,16143.5900,16006.5400
2017-05-12,16190.2800,16126.8800,16257.9600,16110.2300
2017-05-15,16246.3600,16175.4400,16268.7600,16144.8900
2017-05-16,16136.5400,16230.7900,16262.3600,16095.4000
2017-05-17,16171.8500,16151.3800,16226.8600,16138.1500
2017-05-18,15958.1800,16233.5700,16233.5700,15944.2300
2017-05-19,16186.4400,15977.6700,16225.4000,15920.3600
2017-05-22,16191.8300,16150.8400,16227.4000,16142.8900
2017-05-23,16137.9200,16203.2100,16256.0100,16136.8100
2017-05-24,16014.9400,16142.8400,16142.8400,16014.9400
2017-05-25,16029.2100,16019.8400,16061.9600,15940.9400
2017-05-26,16073.0300,16012.0500,16133.6100,16012.0500
2017-05-29,16150.5700,16073.0300,16150.5700,16073.0300
2017-05-30,16053.4400,16150.5700,16179.8900,16030.4700
2017-05-31,16000.0800,16046.5900,16073.1100,15983.3100
2017-06-01,15943.1900,16017.2100,16021.8900,15929.2100
2017-06-02,15910.6000,15917.6100,15956.2700,15898.5600
2017-06-05,15958.4400,15909.6300,15977.2300,15890.7000
2017-06-06,16061.1700,15962.3500,16061.6500,15940.3500
2017-06-07,16091.8300,16066.0800,16115.6300,16056.7300
2017-06-08,16153.0900,16091.8300,16153.0900,16023.7400
2017-06-09,16198.7100,16152.6000,16221.9600,16091.5700
2017-06-12,16046.5100,16210.6000,16210.6000,16005.3200
2017-06-13,16098.8800,16046.5100,16112.1200,16046.5100
2017-06-14,16129.1300,16057.1500,16188.1300,16057.1500
2017-06-15,15903.5000,16080.6800,16121.6000,15902.5300
2017-06-16,15858.7700,15898.6500,15932.9100,15816.2100
2017-06-19,15987.7700,15842.5600,15993.7600,15842.5600
2017-06-20,15879.3800,16002.4500,16048.2300,15853.4300
2017-06-21,16022.1600,15867.2500,16022.1600,15867.2500
2017-06-22,16005.1800,16024.6100,16048.9300,16005.1800
2017-06-23,16076.7700,16010.0900,16091.4400,15965.2600
2017-06-26,16078.9200,16076.2800,16127.2000,16059.6900
2017-06-27,16077.8900,16081.3900,16155.5000,16064.7600
2017-06-28,16017.1400,16074.6800,16095.5100,16007.1700
2017-06-30,16132.8700,16038.3600,16133.0100,16020.7700
2017-07-03,16186.8400,16097.8900,16204.5300,16097.8900
2017-07-04,16248.7100,16173.4200,16248.7100,16173.4200
2017-07-05,16254.7300,16211.3000,16272.1900,16196.8900
2017-07-06,16166.3700,16259.7200,16285.0000,16156.2300
2017-07-07,16172.4900,16148.9800,16191.8300,16124.9600
2017-07-10,16158.8300,16178.2000,16196.2400,16151.9700
2017-07-11,16321.7000,16151.3800,16321.7000,16151.3800
2017-07-12,16414.8700,16286.6200,16419.2100,16286.6200
2017-07-13,16388.5100,16415.1200,16423.1500,16358.5300
2017-07-14,16512.2500,16385.9800,16523.4000,16380.4300
2017-07-17,16582.2500,16509.9600,16616.1000,16497.5500
2017-07-18,16554.1200,16581.2300,16596.7200,16514.8800
2017-07-19,16578.2200,16552.5900,16588.3800,16552.5900
2017-07-20,16573.9200,16580.7800,16582.3100,16530.5700
2017-07-21,16621.7600,16558.5900,16632.7000,16558.5900
2017-07-24,16616.1500,16621.7600,16634.0600,16577.2100
2017-07-25,16740.6700,16608.4700,16759.9000,16604.9000
2017-07-26,16761.9400,16743.2400,16796.5000,16739.6100
2017-07-27,16855.8100,16769.6800,16859.8200,16766.6000
2017-07-31,16750.1700,16861.0000,16861.0000,16714.3900
2017-08-01,16844.1200,16747.5800,16866.3800,16718.4600
2017-08-02,16850.5000,16853.4800,16877.0400,16818.6100
2017-08-03,16882.5300,16842.7000,16882.5300,16820.6500
2017-08-04,16825.9700,16892.9600,16903.2600,16797.0900
2017-08-07,16797.1000,16829.7600,16864.3700,16774.4400
2017-08-08,16995.6400,16810.3200,16998.2300,16803.4600
2017-08-09,17125.9300,17021.6000,17140.3300,17011.7800
2017-08-10,16891.3400,17125.9300,17153.2900,16891.3400
2017-08-11,16887.8900,16895.5000,16896.4700,16860.7100
2017-08-14,16950.0700,16887.8900,16961.0100,16876.9200
2017-08-15,16949.9900,16957.3800,16966.9500,16902.6500
2017-08-16,17179.1100,16936.9300,17185.0000,16936.9300
2017-08-17,17077.8600,17195.0000,17195.7400,17077.8600
2017-08-18,17245.4900,17083.1300,17245.4900,17081.0500
2017-08-21,17378.4900,17245.4900,17387.3800,17229.5300
2017-08-22,17448.9700,17375.8100,17461.0700,17375.8100
2017-08-23,17395.5300,17445.7300,17463.0100,17361.2700
2017-08-24,17511.8600,17392.8400,17517.0600,17364.5000
2017-08-25,17561.0800,17503.7400,17573.5600,17503.5500
2017-08-28,17634.1900,17569.2200,17637.1600,17519.2100
2017-08-29,17607.9800,17636.9100,17684.0300,17589.7000
2017-08-31,17616.4400,17613.4100,17622.3900,17521.2200
2017-09-01,17830.3100,17616.4400,17830.3100,17616.4400
2017-09-04,17889.5700,17846.8400,17932.4100,17840.4000
2017-09-05,17878.2900,17882.9400,17906.3700,17838.2100
2017-09-06,18113.8700,17875.5300,18121.1300,17871.6700
2017-09-07,18059.3200,18112.1900,18125.5800,18048.1900
2017-09-08,17943.8500,18059.3200,18064.9200,17921.2200
2017-09-11,18067.9900,17936.0900,18079.9500,17901.5700
2017-09-12,18050.3800,18079.1700,18079.2800,18028.2300
2017-09-13,18070.6600,18061.5400,18099.7200,17986.5800
2017-09-14,18060.3900,18090.1900,18105.8200,18031.3600
2017-09-15,18150.4200,18068.7600,18193.6300,17970.0900
2017-09-18,18166.0800,18140.9300,18198.6700,18137.1300
2017-09-19,18100.3000,18160.4800,18163.9500,17997.8000
2017-09-20,18049.9800,18080.7900,18151.6500,18043.3800
2017-09-21,18087.4200,18077.7600,18096.9400,18037.7600
2017-09-22,18020.9900,18075.7300,18123.4000,18020.1000
2017-09-25,18208.1300,18004.9000,18221.6100,18004.9000
2017-09-26,18230.7000,18226.5700,18290.1400,18188.9100
2017-09-27,18277.5800,18272.2800,18292.8000,18177.6000
2017-09-28,18460.0800,18284.8400,18475.8500,18253.6200
2017-09-29,18538.2700,18448.7800,18574.3600,18440.5800
2017-10-02,18798.0200,18572.0600,18802.8400,18557.6000
2017-10-03,19065.8700,18798.0200,19180.2700,18779.6300
2017-10-04,19363.3900,19147.3700,19432.5100,19146.9700
2017-10-05,19610.4600,19339.6300,19619.4600,19339.6300
2017-10-06,19479.1400,19643.5300,19661.8400,19463.4400
2017-10-09,19405.9900,19476.7500,19510.3600,19403.6300
2017-10-10,19327.9200,19361.5100,19428.2800,19315.5000
2017-10-11,19346.4300,19316.6700,19351.0900,19239.6900
2017-10-12,19473.0600,19348.8100,19495.2500,19338.5200
2017-10-13,19628.1500,19458.0900,19639.8800,19445.4100
2017-10-16,19760.6900,19620.3000,19791.3800,19616.9500
2017-10-17,19694.5200,19760.6900,19778.1700,19570.5600
2017-10-18,19655.2700,19700.5900,19719.6600,19650.2600
2017-10-19,19609.6900,19660.1300,19662.3800,19538.2700
2017-10-20,19768.6200,19638.1900,19785.9900,19596.0100
2017-10-23,19903.0200,19765.2600,19946.4100,19761.2200
2017-10-24,19952.9500,19911.0100,19956.8300,19826.2200
2017-10-25,19912.4700,19951.1000,19957.9600,19819.3900
2017-10-26,19940.2000,19920.4700,19963.6100,19551.1600
2017-10-27,19952.8400,19966.0400,19967.3800,19814.9300
2017-10-30,19866.2300,19963.9100,19963.9100,19851.7800
2017-10-31,19874.1200,19857.6700,19882.6500,19802.4800
2017-11-02,20082.6100,19956.3800,20082.7800,19833.6100
2017-11-03,20099.6300,20082.3000,20099.6300,20034.0200
2017-11-06,20157.2700,20087.2500,20208.7400,20045.7400
2017-11-07,19978.7100,20161.9400,20183.7100,19907.8900
2017-11-08,19958.5500,19962.6900,20038.1300,19866.3800
2017-11-09,19961.6800,19969.3000,19995.8500,19881.4500
2017-11-10,19680.9100,19967.8400,19978.6100,19659.1600
2017-11-13,19594.0300,19682.1200,19694.7500,19529.0100
2017-11-14,19498.6000,19594.0400,19632.7700,19471.2000
2017-11-15,19426.0100,19508.8200,19518.9400,19401.0400
2017-11-16,19385.7000,19401.5500,19450.6600,19347.9700
2017-11-17,19518.2800,19387.4900,19524.5700,19368.8000
2017-11-20,19583.3000,19541.4700,19636.5500,19533.1100
2017-11-21,19766.7100,19585.9000,19766.7100,19570.6100
2017-11-22,19886.0000,19824.1200,19899.8000,19760.5100
2017-11-23,19932.4300,19902.5900,19940.6000,19888.8900
2017-11-24,20011.1000,19926.2700,20011.2800,19924.0800
2017-11-27,19832.8900,20002.7500,20011.6500,19831.6000
2017-11-28,19811.5200,19852.1900,19871.4900,19753.6400
2017-11-29,19782.6100,19803.5600,19816.8000,19689.6300
2017-11-30,19694.0900,19773.4400,19796.3900,19687.3900
2017-12-01,19766.7200,19689.8300,19805.4200,19652.5400
2017-12-04,19658.6900,19771.6100,19789.5000,19629.3400
2017-12-05,19430.5900,19669.9400,19669.9400,19418.4500
2017-12-06,19242.5600,19432.0900,19438.2500,19241.7600
2017-12-07,19232.2200,19257.4400,19290.7900,19196.4000
2017-12-11,19206.1400,19233.1100,19296.0200,19188.0600
2017-12-12,19289.5500,19203.1700,19325.1900,19198.5200
2017-12-13,19251.1600,19277.6200,19315.8200,19246.1300
2017-12-14,18655.2400,19260.6800,19321.4700,18645.6000
2017-12-15,18589.3700,18678.5500,18708.9500,18469.1700
2017-12-18,18977.1600,18589.3700,18978.0000,18543.6900
2017-12-19,19066.2200,18977.1600,19088.2100,18881.4700
2017-12-20,19257.2600,19078.4200,19290.6800,19071.1700
2017-12-21,19240.3900,19322.0800,19322.0800,19194.1400
2017-12-22,19660.4000,19235.6800,19666.3200,19120.9600
2017-12-26,19604.9200,19660.7000,19681.2400,19552.5100
2017-12-27,19661.4800,19601.8900,19685.2400,19598.8600
2017-12-28,19839.4400,19661.4800,19839.4400,19655.4200
2017-12-29,19974.3800,19842.5000,19981.5000,19840.0200
2018-01-02,20280.6700,19974.3800,20280.6700,19968.7700
2018-01-03,20333.7300,20278.7200,20358.3400,20213.2300
2018-01-04,20490.2500,20330.5700,20526.5300,20280.4500
2018-01-05,20640.8700,20496.6300,20645.5400,20489.5800
2018-01-08,20548.0800,20632.8300,20672.8900,20531.5100
2018-01-09,20547.9800,20565.3300,20568.3800,20490.9800
2018-01-10,20554.5300,20556.9100,20619.9900,20520.9700
2018-01-11,20588.8200,20553.9000,20640.5100,20508.8700
2018-01-12,20777.0700,20568.9900,20778.2200,20552.4200
2018-01-15,20788.4900,20760.9100,20827.1400,20757.1200
2018-01-16,20838.5600,20801.4400,20909.2300,20737.8600
2018-01-17,20808.7700,20847.0000,20921.9200,20808.1600
2018-01-18,20847.6100,20824.0000,20859.6500,20784.7600
2018-01-19,20934.5800,20863.8200,20954.6800,20843.0600
2018-01-22,20948.2100,20928.7200,20948.2100,20869.6000
2018-01-23,20991.0900,20964.5100,21012.1300,20933.2000
2018-01-24,21246.5000,20953.2800,21246.5000,20953.2800
2018-01-25,21247.2000,21266.3300,21349.3700,21200.0800
2018-01-26,21380.2200,21240.2600,21380.5100,21227.1700
2018-01-29,21374.3500,21387.8700,21466.6000,21361.7500
2018-01-30,21136.9800,21371.0200,21380.2100,21136.9800
2018-01-31,21068.8900,21136.9800,21165.8200,21034.2100
2018-02-01,21084.9700,21068.8900,21122.5900,21024.0500
2018-02-02,20720.9400,21088.2500,21126.3400,20696.4300
2018-02-05,20511.0300,20719.0000,20781.8000,20511.0300
2018-02-06,20606.9800,20552.9300,20614.2600,20325.4200
2018-02-07,20554.5100,20618.4100,20635.1200,20534.2000
2018-02-08,20195.5700,20545.0300,20558.3100,20195.5700
2018-02-09,20196.7900,20186.3000,20212.5300,19977.5800
2018-02-12,20339.6800,20207.8900,20382.1500,20152.2400
2018-02-13,20458.9200,20340.9300,20460.2900,20298.4900
2018-02-14,20858.5900,20491.4100,20858.5900,20452.2300
2018-02-15,20895.4800,20829.8100,20969.5000,20777.3100
2018-02-16,20759.1600,20895.4800,20895.4800,20744.3900
2018-02-19,20730.6200,20759.2000,20764.2800,20706.1700
2018-02-20,20652.0700,20730.6200,20768.9400,20633.1400
2018-02-21,20704.9400,20648.9000,20831.6300,20641.0000
2018-02-22,20689.0500,20728.5100,20844.8300,20669.4600
2018-02-23,20768.0700,20660.3800,20823.1600,20660.3800
2018-02-26,20807.8400,20774.1400,20836.6500,20755.0500
2018-02-27,20805.0800,20807.8400,20829.2600,20741.5900
2018-02-28,20831.7800,20821.0700,20874.0800,20804.5300
2018-03-01,20750.4400,20837.5200,20859.5100,20643.1600
2018-03-02,20832.7700,20739.5400,20832.8600,20595.0100
2018-03-05,20848.5100,20820.6100,20882.9000,20702.2700
2018-03-06,21043.5100,20816.4500,21166.5400,20809.5900
2018-03-07,20865.1800,21075.8700,21075.8700,20850.4900
2018-03-08,20793.7000,20865.1800,20868.7300,20737.8200
2018-03-09,20943.0100,20795.6100,20981.2700,20790.1500
2018-03-12,20876.7500,20936.5800,20946.8000,20784.7100
2018-03-13,20824.1100,20867.1500,20909.4200,20815.1700
2018-03-14,20683.8000,20820.9200,20843.8700,20671.3500
2018-03-15,20639.0900,20690.1500,20706.1600,20625.6000
2018-03-16,20626.0200,20642.2600,20690.9600,20624.3000
2018-03-19,20534.4300,20632.3200,20652.4300,20508.6300
2018-03-20,20658.2700,20547.6200,20725.0300,20527.4900
2018-03-21,20840.6700,20727.2500,20840.6700,20605.8100
2018-03-22,20557.3500,20750.9200,20863.0500,20552.9100
2018-03-23,20640.3300,20556.0800,20659.8200,20513.3300
2018-03-26,20667.5800,20640.3300,20699.0900,20588.5100
2018-03-27,20600.1800,20683.6400,20699.0500,20597.0100
2018-03-28,20558.8400,20621.5700,20669.2700,20532.2800
2018-04-02,20775.6700,20560.1100,20817.5900,20543.6700
2018-04-03,20882.0700,20765.6900,20918.8200,20757.6200
2018-04-04,21012.6900,20897.6200,21018.0400,20787.0600
2018-04-05,21135.2900,21002.9200,21198.3100,20982.7800
2018-04-06,21038.1200,21168.0400,21174.9200,21012.9100
2018-04-09,21007.2200,21047.8600,21081.9300,20999.7700
2018-04-10,21155.8300,20992.2900,21214.4600,20992.2900
2018-04-11,21200.7600,21157.7900,21253.7500,21151.7800
2018-04-12,21116.3500,21177.8100,21225.7500,21089.2500
2018-04-16,21031.5200,21105.5500,21114.8100,20973.0100
2018-04-17,21308.8000,21038.0500,21309.5200,21038.0500
2018-04-18,21361.9800,21299.2000,21408.2700,21292.0600
2018-04-19,21414.9100,21368.6200,21425.0500,21316.4800
2018-04-20,21454.9100,21442.5300,21511.4000,21402.5100
2018-04-23,21516.0900,21504.2300,21553.7500,21454.8300
2018-04-24,21504.1700,21496.1300,21581.8200,21487.2600
2018-04-25,21357.1500,21506.8400,21545.8400,21347.6800
2018-04-26,21467.1400,21334.7100,21481.9700,21334.7100
2018-04-27,21410.3000,21467.1400,21485.6000,21356.6100
2018-04-30,21428.8600,21412.6200,21500.1400,21382.2900
2018-05-02,21328.8600,21468.4100,21491.2800,21293.5400
2018-05-03,21148.3200,21356.2700,21357.2900,21100.6200
2018-05-04,21151.4400,21180.6200,21277.2400,21138.4500
2018-05-07,21176.4800,21154.0300,21197.3100,21099.1800
2018-05-08,21136.6900,21221.0500,21232.7600,21126.5000
2018-05-09,21143.1300,21139.2600,21191.0000,21128.5700
2018-05-10,21267.7800,21107.1800,21267.7800,21053.5200
2018-05-11,21248.8000,21221.5600,21270.4600,21199.4700
2018-05-14,21088.8200,21258.5900,21275.5500,21081.1400
2018-05-15,21116.1200,21172.0600,21172.0600,20976.7600
2018-05-16,20952.8600,21105.1700,21134.1900,20952.8600
2018-05-17,21088.9900,21010.6400,21095.9200,20970.2600
2018-05-18,21094.6600,21140.5100,21164.1200,21021.7800
2018-05-21,21114.2700,21074.7700,21153.3600,20998.8900
2018-05-22,21121.4800,21126.4900,21172.2300,21082.9100
2018-05-23,20906.9500,21171.8400,21171.8400,20867.3500
2018-05-24,20988.5300,20881.3400,20988.5300,20869.9100
2018-05-25,20992.3600,20991.7500,21048.2500,20945.4400
2018-05-28,21003.8100,21011.6300,21015.4500,20938.3600
2018-05-29,20718.1300,21023.0400,21037.5500,20718.1300
2018-05-30,20786.9600,20724.4500,20844.9100,20680.9500
2018-05-31,20814.2900,20796.5000,20881.8500,20772.5500
2018-06-01,21018.1100,20814.2900,21026.2100,20789.4200
2018-06-04,21128.1700,21008.1600,21141.2900,21004.6100
2018-06-05,21188.5700,21150.8000,21213.7900,21116.0600
2018-06-06,21346.7500,21164.9000,21366.1300,21152.3600
2018-06-07,21228.4400,21340.2100,21353.4700,21185.5900
2018-06-08,21203.9500,21232.6600,21232.9600,21172.2000
2018-06-11,21197.1100,21199.0700,21244.3300,21187.9600
2018-06-12,21321.2800,21227.3000,21342.9000,21198.8300
2018-06-13,21137.3800,21289.3500,21321.1500,21137.3800
2018-06-14,21030.6300,21115.1000,21154.1500,20991.1700
2018-06-15,20732.8800,21031.5900,21037.0600,20725.2500
2018-06-18,20639.0800,20727.2000,20756.1500,20587.6500
2018-06-19,20566.9000,20657.9800,20675.2700,20474.2400
2018-06-20,20445.2700,20543.7200,20621.5800,20434.1000
2018-06-21,20360.4600,20430.3000,20443.3100,20313.7100
2018-06-22,20325.8300,20348.0300,20362.5800,20257.7000
2018-06-25,20149.2100,20337.0300,20363.8300,20108.4500
2018-06-26,20039.0500,20149.2100,20158.4600,20031.5300
2018-06-27,20005.9300,20043.9600,20103.3900,20000.0300
2018-06-28,19800.2600,19992.4900,19998.1300,19795.9500
2018-07-02,19872.8600,19853.7700,19999.0300,19786.1200
2018-07-03,19682.4000,19850.4900,19990.8700,19669.0900
2018-07-04,19670.6700,19682.4000,19692.9500,19653.6500
2018-07-05,19900.8900,19673.6600,19920.8300,19667.2700
2018-07-06,19953.9200,19900.8900,19977.1100,19879.2400
2018-07-09,20095.9000,19966.0700,20096.8300,19961.0300
2018-07-10,20019.8900,20080.5700,20089.5700,19921.7600
2018-07-11,19711.5200,20071.2800,20071.2800,19705.6100
2018-07-12,19730.3400,19654.4200,19789.5200,19654.4200
2018-07-13,19749.0900,19757.4900,19761.2600,19674.7300
2018-07-16,19727.3200,19738.2100,19793.9900,19720.9800
2018-07-17,20001.6000,19734.5700,20001.6100,19728.4800
2018-07-18,20032.4000,20019.9300,20039.7300,19965.8500
2018-07-19,19967.8200,20099.8000,20099.8000,19930.5600
2018-07-20,20045.5400,19956.6400,20117.1900,19949.7800
2018-07-23,20134.6000,20035.7500,20136.8300,20002.5200
2018-07-24,20331.1200,20112.5100,20344.2300,20112.5100
2018-07-25,20347.1300,20323.0500,20363.1600,20301.9500
2018-07-26,20414.4200,20348.9900,20435.7100,20340.0700
2018-07-27,20373.9600,20406.0000,20433.8300,20373.4600
2018-07-30,20384.4700,20382.0700,20417.1700,20311.9900
2018-07-31,20485.7200,20408.7900,20516.6800,20355.0700
2018-08-01,20407.9200,20512.0300,20512.2100,20399.1900
2018-08-02,20176.9200,20439.1200,20439.1200,20173.4800
2018-08-03,20287.2600,20180.9300,20315.3200,20167.9000
2018-08-06,20202.4600,20296.5800,20303.3400,20194.6600
2018-08-07,20223.4600,20190.1000,20281.2600,20190.1000
2018-08-08,20213.4500,20229.6500,20232.3500,20190.5700
2018-08-09,20166.0500,20236.3500,20259.4800,20166.0500
2018-08-10,20124.0600,20208.9200,20223.4600,20039.1100
2018-08-13,19956.5500,20108.1100,20165.8700,19950.4900
2018-08-14,19986.0000,19935.3100,20013.1500,19935.3100
2018-08-15,19533.3800,20040.5100,20040.5100,19529.8400
2018-08-16,19493.6900,19530.4400,19594.3300,19479.1700
2018-08-17,19533.2900,19503.6900,19579.6000,19449.5100
2018-08-20,19584.5000,19532.7000,19657.9500,19528.6500
2018-08-21,19452.8000,19584.5000,19613.1200,19445.8100
2018-08-22,19457.0500,19433.9100,19465.5200,19364.4500
2018-08-23,19468.4200,19496.7500,19532.7900,19460.9600
2018-08-24,19631.3300,19427.1500,19631.7900,19416.3100
2018-08-27,19704.2100,19637.8900,19751.3900,19591.9000
2018-08-28,19638.2500,19690.5000,19739.2300,19638.2500
2018-08-29,19653.2400,19694.9000,19694.9000,19598.9300
2018-08-31,19443.1100,19724.2600,20498.8400,19416.4400
2018-09-03,19467.2700,19443.1100,19489.3000,19388.1300
2018-09-04,19169.0300,19532.1300,19532.1300,19165.3800
2018-09-05,18942.1400,19154.5900,19163.5600,18942.1400
2018-09-06,18875.6500,18916.4400,19044.8000,18873.1300
2018-09-07,18900.4400,18889.2900,18923.7800,18831.0100
2018-09-10,18896.6300,18900.7300,18913.2900,18870.8700
2018-09-11,18756.0200,18900.0400,18900.0400,18755.5500
2018-09-12,19026.7000,18729.7300,19051.7400,18729.7300
2018-09-13,18970.6200,19022.1300,19054.9500,18961.1100
2018-09-14,18934.8100,19011.5600,19011.5600,18888.0500
2018-09-17,18777.5700,18926.2300,18969.2500,18764.5800
2018-09-18,18885.3000,18752.0500,18893.7500,18742.9800
2018-09-19,19175.7500,18875.0200,19175.7500,18856.6400
2018-09-20,19488.3400,19144.3900,19521.4700,19144.3900
2018-09-21,19609.6100,19511.7000,19669.2100,19488.5600
2018-09-24,19575.0400,19606.6300,19645.2100,19532.1800
2018-09-25,19585.0600,19598.7500,19645.3500,19548.5700
2018-09-26,19604.0000,19579.1300,19633.5800,19517.7700
2018-09-27,19537.6500,19604.0000,19649.4600,19534.1200
2018-09-28,19564.0700,19529.9500,19629.1900,19521.3900
2018-10-01,19570.4500,19571.7700,19720.6700,19564.9700
2018-10-02,19694.0400,19570.4500,19731.8900,19570.4500
2018-10-03,19823.4400,19688.6900,19825.6100,19675.5800
2018-10-04,19629.0200,19835.3700,19893.5100,19618.9900
2018-10-05,19357.7400,19626.0700,19633.4400,19355.0400
2018-10-09,19390.9200,19364.7300,19461.9000,19350.1300
2018-10-10,19211.3400,19379.2600,19402.1400,19196.0200
2018-10-11,19232.2000,19211.3400,19326.3000,19127.7900
2018-10-12,19231.1400,19240.8700,19286.2400,19197.7800
2018-10-15,19306.3400,19431.7800,19441.3600,19232.2400
2018-10-16,19360.4400,19262.9400,19427.7700,19262.9400
2018-10-17,19290.6100,19351.7200,19387.3800,19058.3700
2018-10-18,19064.3200,19299.8700,19308.9100,19064.3200
2018-10-19,18895.0900,19064.3200,19149.9900,18869.3300
2018-10-22,18905.7500,18889.4200,18959.1500,18836.6400
2018-10-23,18708.6900,18914.2600,18924.4500,18702.7800
2018-10-24,18657.9900,18714.3000,18794.0800,18655.0500
2018-10-25,18657.6800,18654.0800,18712.0000,18654.0800
2018-10-26,18576.3600,18666.0500,18676.5400,18571.5100
2018-10-29,18593.1600,18582.4700,18724.2500,18571.6800
2018-10-30,18641.3500,18607.0100,18748.0000,18582.5000
2018-10-31,18909.4000,18646.8900,18909.4000,18641.9000
2018-11-02,19165.7000,18876.3000,19190.8300,18876.3000
2018-11-05,19274.5000,19160.5700,19275.4800,19131.5600
2018-11-06,19302.1100,19285.2600,19366.6600,19272.4600
2018-11-07,19266.2000,19290.3700,19368.6100,19166.1300
2018-11-08,19279.3200,19326.1300,19327.6100,19217.0500
2018-11-09,19104.9800,19286.7200,19303.9100,19040.6600
2018-11-12,18935.4900,19094.6500,19094.6500,18915.6100
2018-11-13,18975.7500,18932.6800,19061.8600,18911.6100
2018-11-14,18984.8200,18953.2900,19045.7300,18953.2900
2018-11-15,19183.9200,18979.2200,19183.9200,18948.5600
2018-11-16,19446.8100,19182.5200,19446.8100,19160.1200
2018-11-19,19363.4100,19455.5400,19461.2200,19363.4100
2018-11-20,19046.6500,19397.8500,19397.8500,19038.1700
2018-11-21,19134.4600,19052.3800,19184.3200,19016.7000
2018-11-22,19219.9200,19132.0800,19222.3200,19098.9400
2018-11-23,18894.1300,19159.4400,19163.4100,18806.7800
2018-11-26,18974.6300,18891.4700,19014.5300,18888.5300
2018-11-27,18999.0500,18979.6400,19000.3000,18909.1700
2018-11-28,19207.4000,18995.9000,19207.5700,18971.3200
2018-11-29,19303.6200,19199.1400,19320.8700,19199.1400
2018-11-30,19180.9700,19309.6800,19329.3700,19148.4900
2018-12-03,19361.7700,19171.9000,19375.8900,19139.9700
2018-12-04,19452.4200,19398.5800,19493.9900,19368.1200
2018-12-05,19531.4900,19444.5700,19531.4900,19431.6100
2018-12-06,19322.9100,19552.7500,19553.9300,19272.0200
2018-12-07,19405.2300,19282.8900,19418.7300,19282.8900
2018-12-10,19202.0900,19434.3200,19434.3200,19198.4900
2018-12-11,19244.8100,19198.3800,19336.6200,19198.3800
2018-12-12,19245.7500,19218.4000,19351.8400,19218.4000
2018-12-13,19201.2100,19286.0000,19302.7400,19193.2300
2018-12-14,19073.4900,19222.6400,19234.4100,19040.7500
2018-12-17,19128.2900,19071.1400,19198.2100,19051.0100
2018-12-18,19156.6300,19146.8100,19233.5600,19129.1300
2018-12-19,19119.2100,19154.9400,19298.6000,19112.7300
2018-12-20,19085.3400,19066.4300,19186.4200,19066.4300
2018-12-21,18997.1400,19112.1700,19113.3400,18940.7400
2018-12-24,19015.9700,18998.8000,19030.1500,18975.0000
2018-12-26,19099.2300,19055.8400,19112.0300,19006.6800
2018-12-27,19206.7900,19111.7300,19209.6900,19089.9700
2018-12-28,19305.0200,19205.4400,19372.3200,19186.2700
2018-12-31,19350.4000,19205.4400,19377.5100,19186.2700
2019-01-02,19368.1400,19370.8000,19486.8200,19348.5200
2019-01-03,19242.9500,19382.8100,19407.5300,19215.0200
2019-01-04,19469.4600,19223.0600,19498.3500,19223.0600
2019-01-07,19491.1200,19468.9400,19538.9200,19457.3000
2019-01-08,19378.6700,19506.5300,19514.6900,19376.0500
2019-01-09,19565.9100,19336.5900,19570.2900,19336.5900
2019-01-10,19699.1200,19591.5500,19708.2100,19561.5500
2019-01-11,19617.0400,19702.6600,19702.6600,19545.7700
2019-01-14,19668.7700,19598.9400,19671.0600,19532.2700
2019-01-15,19538.4100,19668.7700,19727.7800,19497.0600
2019-01-16,19582.0500,19540.3200,19582.0500,19482.0700
2019-01-17,19659.1200,19574.9900,19662.7300,19567.8400
2019-01-18,19573.3600,19656.2800,19657.3500,19482.7700
2019-01-21,19580.1500,19606.3600,19636.6300,19560.7100
2019-01-22,19513.6300,19580.1500,19643.3000,19489.7400
2019-01-23,19566.3400,19509.0900,20234.5800,19508.0800
2019-01-24,19691.6400,19570.1500,19692.8100,19568.6200
2019-01-25,19856.1400,19695.1500,19870.4400,19659.8400
2019-01-28,19864.5200,19859.8700,19910.3600,19816.3100
2019-01-29,20041.3200,19876.3800,20041.3200,19861.2500
2019-01-30,20067.2200,20042.7700,20093.8700,20011.5800
2019-01-31,20190.8700,20071.1100,20249.0300,20051.8500
2019-02-01,20294.0400,20174.4200,20312.1000,20152.2000
2019-02-04,20450.2800,20303.5400,20453.1500,20247.9400
2019-02-05,20517.6100,20450.2800,20556.1600,20431.0500
2019-02-06,20532.7100,20517.9600,20657.0000,20479.5600
2019-02-07,20316.1500,20531.4800,20540.0900,20225.4100
2019-02-08,20314.7700,20321.7800,20326.5600,20191.2100
2019-02-11,20138.3700,20111.3300,20179.3900,20085.8900
2019-02-12,20125.3900,20141.5200,20212.6800,20113.1100
2019-02-13,20155.0100,20125.3900,20256.4700,20109.5000
2019-02-14,20215.0100,20203.4100,20263.2500,20002.5300
2019-02-15,20391.2400,20234.7200,20455.2500,20178.6300
2019-02-18,20346.1500,20391.2400,20397.2100,20327.9000
2019-02-19,20417.7300,20240.0100,20457.0100,20240.0100
2019-02-20,20627.4100,20417.7300,20627.4100,20410.8400
2019-02-21,20423.2600,20626.1700,20665.9300,20402.7400
2019-02-22,20560.0700,20334.1600,20565.6800,20334.1600
2019-02-25,20561.1300,20539.3300,20673.8500,20526.0100
2019-02-26,20559.2900,20589.8500,20599.1700,20513.3900
2019-02-27,20569.2600,20539.6300,20637.0000,20539.6300
2019-02-28,20616.0100,20558.6700,20656.0200,20495.3700
2019-03-01,20561.5800,20608.1200,20657.4000,20554.0600
2019-03-04,20611.1800,20552.5700,20638.2300,20510.6100
2019-03-05,20540.3800,20654.8600,20659.8500,20514.4100
2019-03-06,20587.0200,20546.5800,20592.2900,20469.5400
2019-03-07,20530.9600,20586.3900,20597.1500,20478.8300
2019-03-08,20502.8700,20555.7800,20582.4800,20428.4900
2019-03-11,20661.2000,20494.2100,20695.4300,20481.4300
2019-03-12,20746.5300,20617.5600,20767.3700,20601.2300
2019-03-13,20895.6400,20724.5400,20927.3900,20721.5300
2019-03-14,20823.3800,20920.9800,20981.3800,20790.5600
2019-03-15,20919.0700,20839.1700,20980.5200,20810.1800
2019-03-18,21004.5600,20920.3400,21050.5000,20912.6000
2019-03-19,21134.4800,21004.5600,21152.5100,21004.5600
2019-03-20,21195.2500,21158.5100,21205.6100,20940.5400
2019-03-21,21141.5200,21174.0500,21266.2200,21103.9700
2019-03-22,21009.3000,21209.3600,21237.9900,20996.6900
2019-03-25,20982.9100,21015.6700,21133.3200,20980.7100
2019-03-26,21030.2900,20981.0000,21150.6600,20969.0400
2019-03-27,20997.1000,21090.8400,21148.0600,20987.6200
2019-03-28,20976.6100,20937.0100,21012.2500,20914.2400
2019-03-29,21098.0700,20974.7200,21119.5300,20968.2400
2019-04-01,21075.9300,21110.7900,21126.7900,21032.8200
2019-04-02,21105.5500,21047.2600,21107.6000,21047.2600
2019-04-03,21151.6600,21067.3100,21207.5400,21062.8200
2019-04-04,21287.2800,21148.4500,21287.2800,21094.9400
2019-04-05,21367.5900,21264.7000,21378.6200,21264.7000
2019-04-08,21436.4300,21338.4400,21444.0900,21315.1700
2019-04-09,21272.6600,21401.9100,21492.3900,21270.9000
2019-04-10,21279.3300,21295.0400,21307.1800,21246.2900
2019-04-11,21000.9500,21312.6100,21316.4100,20966.2600
2019-04-12,21099.8100,20979.3000,21126.2100,20979.3000
2019-04-15,21004.2100,21091.8000,21290.5500,20997.9100
2019-04-16,21139.6500,21001.0300,21139.6500,21001.0300
2019-04-17,20938.4300,21136.4500,21211.2300,20922.1200
2019-04-22,20873.7900,20923.8100,21007.9500,20794.0800
2019-04-23,20824.6300,20848.5500,20966.3600,20822.1600
2019-04-24,20703.3500,20849.7700,20888.1200,20644.4200
2019-04-25,20700.3800,20709.4500,20727.2500,20603.6600
2019-04-26,20846.2700,20658.1700,20858.0900,20586.8000
2019-04-29,20886.7600,20846.2700,20929.9900,20771.1100
2019-04-30,20896.5000,20861.5700,20946.6100,20772.0300
2019-05-02,20765.9200,20880.7000,20997.4400,20728.3300
2019-05-03,20801.5200,20744.0300,20852.3400,20656.1000
2019-05-06,20747.1600,20800.2600,20868.6100,20648.4900
2019-05-07,20688.0200,20765.9500,20776.7800,20594.7600
2019-05-08,20430.4400,20694.2700,20701.5300,20430.4400
2019-05-09,20213.3000,20510.6200,20530.6700,20210.0100
2019-05-10,20159.5200,20216.3500,20216.3500,20046.5200
2019-05-13,19957.7100,20157.7000,20186.9200,19943.0200
2019-05-14,20021.4400,19948.7200,20045.3100,19914.3000
2019-05-15,20011.3200,20021.4400,20032.5200,19898.4000
2019-05-16,19951.9000,20002.5800,20069.9100,19932.6600
2019-05-17,19919.0000,19944.0800,19987.7600,19857.3700
2019-05-20,19941.1100,19895.1000,20026.4900,19876.6300
2019-05-21,20074.2200,19979.9300,20079.6000,19900.4400
2019-05-22,19902.5900,20048.4300,20096.2200,19896.6600
2019-05-23,19669.2200,19884.7500,19915.5800,19663.3500
2019-05-24,19711.5300,19642.7900,19733.9100,19642.7900
2019-05-27,19668.8900,19718.9000,19734.0800,19668.8100
2019-05-28,19639.0900,19710.0500,19722.5100,19620.6300
2019-05-29,19658.1400,19669.5600,19672.5100,19577.7600
2019-05-30,19812.4000,19652.2900,19853.4900,19630.3900
2019-05-31,19922.7700,19821.2400,19962.7600,19686.4300
2019-06-03,19981.1000,19921.8800,20020.2300,19891.5200
2019-06-04,19986.7700,19992.9900,19998.3500,19899.5500
2019-06-05,20100.6900,19974.5400,20117.9600,19971.4200
2019-06-06,20113.6200,20061.6900,20162.5100,20005.5200
2019-06-07,20298.6400,20119.6400,20364.1500,20088.1400
2019-06-10,20287.5600,20246.9300,20386.9700,20246.9300
2019-06-11,20388.7700,20302.7700,20462.3200,20251.8500
2019-06-12,20407.6800,20401.0300,20427.4300,20322.3200
2019-06-13,20250.8500,20384.4100,20400.6100,20237.6600
2019-06-14,20295.8000,20250.8500,20332.6600,20228.9300
2019-06-17,20206.5800,20293.9800,20311.0500,20204.2600
2019-06-18,20363.6000,20156.8000,20374.1900,20154.3300
2019-06-19,20298.9100,20342.2500,20362.3200,20230.1900
2019-06-20,20587.8500,20256.3100,20599.9300,20256.3100
2019-06-21,20492.1700,20580.7000,20640.9400,20488.9800
2019-06-24,20750.0000,20479.7600,20751.2500,20479.7600
2019-06-25,20601.0400,20728.6200,20864.7800,20588.9300
2019-06-26,20609.4200,20634.7800,20672.5200,20502.6900
2019-06-27,20666.1300,20643.7900,20711.6500,20554.1800
2019-06-28,20622.7900,20662.9900,20676.7200,20507.7300
2019-07-01,20727.8200,20654.1500,20750.3500,20599.4100
2019-07-02,20729.0700,20736.6400,20759.4900,20673.7900
2019-07-03,20770.4300,20763.7200,20788.0300,20737.5300
2019-07-04,20845.7400,20783.0500,20855.6000,20748.8600
2019-07-05,20881.9500,20877.4100,20950.3000,20717.8700
2019-07-08,20883.9600,20891.4600,20927.7100,20849.2400
2019-07-09,20707.3300,20864.9400,20871.4600,20576.2300
2019-07-10,20760.7700,20685.3200,20774.2900,20656.7200
2019-07-11,20698.6100,20757.6100,20764.0800,20618.6400
2019-07-12,20738.5400,20697.3500,20756.1700,20628.6300
2019-07-15,20635.0000,20738.5400,20792.3700,20620.7800
2019-07-16,20805.8700,20638.1500,20847.9300,20629.4300
2019-07-17,20839.3000,20797.6400,20852.3400,20753.9400
2019-07-18,20919.6500,20838.0300,20985.7200,20791.2400
2019-07-19,20845.2900,20894.1600,21035.3400,20822.8500
2019-07-22,20783.4900,20778.6500,20897.0300,20756.4600
2019-07-23,20729.2100,20802.4700,20854.0800,20691.3200
2019-07-24,20762.1200,20733.6200,20820.3600,20728.1500
2019-07-25,20817.1500,20812.2900,20878.4900,20735.6200
2019-07-26,20692.3200,20816.5200,20816.7400,20640.8000
2019-07-30,20199.6100,20622.1200,20646.5200,20160.4000
2019-07-31,19957.2600,20221.1000,20258.2400,19957.2600
2019-08-01,19862.6700,19957.2600,19971.0800,19794.7300
2019-08-02,19695.4400,19862.6700,19922.3700,19671.3500
2019-08-05,19396.9600,19663.1600,19675.7200,19366.7300
2019-08-06,19338.6300,19371.1800,19446.2000,19291.7700
2019-08-07,19604.4800,19370.1400,19616.8300,19345.8000
2019-08-08,19653.9600,19561.1000,19657.5900,19515.1100
2019-08-09,19487.6700,19691.8200,19691.8200,19466.4600
2019-08-12,19126.7200,19486.5100,19542.8400,19107.1400
2019-08-13,19226.1900,19121.0600,19296.3300,18997.7400
2019-08-14,18955.3400,19226.1900,19317.2800,18951.5100
2019-08-15,18862.7700,18933.0200,18973.5200,18824.9200
2019-08-16,18915.6500,18840.5300,18951.7100,18840.5300
2019-08-19,19112.2000,18924.0500,19128.6900,18910.4000
2019-08-20,19088.0200,19092.4500,19121.7600,19034.8300
2019-08-21,18965.5200,19051.3400,19137.4800,18946.9400
2019-08-22,18833.6700,18968.8900,18988.4600,18832.7400
2019-08-23,18807.4300,18859.3400,19015.0300,18807.4300
2019-08-26,18723.7000,18805.2000,18815.1500,18698.4700
2019-08-27,18866.0300,18699.3400,18917.4400,18699.3400
2019-08-28,19034.9900,18888.8200,19063.4500,18864.8800
2019-08-29,19106.7500,19034.9900,19236.4300,18531.2900
2019-09-02,19279.9100,19079.4800,19285.7200,19079.4800
2019-09-03,19264.7600,19279.9100,19330.4100,19187.7600
2019-09-04,19242.2700,19264.7600,19309.9600,19217.2300
2019-09-05,19487.1800,19220.0600,19497.0300,19199.1000
2019-09-06,19357.6500,19429.8300,19511.6700,19346.9900
2019-09-09,19193.2300,19353.6000,19355.0300,19167.6000
2019-09-10,19211.4200,19193.2300,19256.0800,19143.3700
2019-09-11,19328.8100,19203.3700,19328.8100,19203.3700
2019-09-12,19416.7200,19288.8700,19425.5200,19276.6100
2019-09-13,19416.3200,19416.7200,19435.7300,19344.2300
2019-09-16,19468.2600,19451.3900,19522.6500,19394.1100
2019-09-17,19485.4600,19547.6800,19548.5400,19454.3800
2019-09-18,19506.9800,19547.6800,19548.5400,19454.3800
2019-09-19,19491.3600,19547.6800,19562.8600,19454.3800
2019-09-20,19455.7200,19523.9000,19547.4900,19446.9300
2019-09-23,19370.1400,19455.7200,19525.9700,19350.3400
2019-09-24,19371.1800,19338.9600,19429.8200,19225.2600
2019-09-25,19391.8000,19403.6400,19486.7600,19361.0500
2019-09-26,19630.6400,19380.8000,19630.6400,19380.8000
2019-09-27,19750.3500,19637.0200,19793.4700,19609.4500
2019-09-30,19602.7100,19747.4300,19818.4000,19595.1400
2019-10-01,19249.8100,19602.7100,19602.7100,19236.5500
2019-10-02,19008.1900,19221.9800,19248.3800,19004.3700
2019-10-03,18990.2700,18975.1000,19048.2600,18928.0200
2019-10-04,19270.2300,18979.5800,19270.2300,18954.2800
2019-10-07,19232.3600,19270.2300,19371.1300,19169.3700
2019-10-09,19059.6500,19221.5700,19231.6100,19022.8800
2019-10-10,19034.3900,19085.6900,19087.1600,18972.2400
2019-10-11,19284.6800,19032.1300,19319.9800,19027.0100
2019-10-14,19401.4900,19284.6800,19473.8700,19284.6800
2019-10-15,19405.7900,19436.6300,19446.8400,19376.6300
2019-10-16,19355.1200,19405.7900,19437.3000,19355.1200
2019-10-17,19298.5700,19315.4000,19399.5600,19296.9200
2019-10-18,19407.9800,19339.4800,19505.9000,19291.2600
2019-10-21,19284.8300,19407.9800,19484.5800,19275.9000
2019-10-22,19402.9900,19287.7200,19472.1200,19268.9400
2019-10-23,19502.9600,19402.9900,19530.9900,19363.0200
2019-10-24,19600.5800,19500.0500,19662.1400,19483.7400
2019-10-25,19518.9400,19583.6200,19620.7800,19472.1000
2019-10-28,19561.4900,19518.9400,19640.3200,19490.4700
2019-10-29,19719.8000,19563.2500,19726.2900,19543.9000
2019-10-30,19690.6200,19719.8000,19816.5100,19509.2900
2019-10-31,19904.8700,19687.6800,19960.7700,19687.6800
2019-11-04,20079.5500,19904.8700,20194.2100,19864.8800
2019-11-05,20067.5700,20077.1500,20150.0500,20056.2000
2019-11-06,20065.1900,20032.1100,20106.0600,20031.5500
2019-11-07,20140.8200,20068.7900,20185.7200,20058.5700
2019-11-08,19853.8000,20119.7400,20217.1100,19849.3000
2019-11-11,19767.0000,19853.8000,19969.1100,19752.6100
2019-11-12,19772.7500,19814.6200,19846.1800,19753.3300
2019-11-13,19716.2800,19774.0000,19864.8000,19712.0900
2019-11-14,19581.0800,19762.2400,19762.2400,19570.8700
2019-11-15,19700.6700,19494.9500,19704.3300,19494.9500
2019-11-18,19742.8000,19700.6700,19776.5700,19700.6700
2019-11-19,19743.2200,19743.3900,19777.6700,19668.2500
2019-11-20,19702.2200,19813.9600,19818.0700,19699.2300
2019-11-21,19753.0400,19699.8800,19757.0700,19659.5200
2019-11-22,19885.6500,19724.3700,19897.0200,19724.3700
2019-11-25,19971.6000,19885.6500,20029.4000,19848.0900
2019-11-26,19965.9300,19972.1900,19976.1700,19890.0100
2019-11-27,19942.3300,20004.8500,20012.0600,19806.7300
2019-11-28,20055.5700,19934.0900,20069.7900,19934.0900
2019-11-29,20078.0000,20040.8000,20091.9600,19966.3900
2019-12-02,20044.4000,20060.9000,20119.6700,20042.6000
2019-12-03,19759.2500,20047.3600,20047.3600,19758.1100
2019-12-04,19766.8900,19759.2500,19822.8500,19721.0300
2019-12-05,19769.5200,19729.4600,19781.2200,19686.3200
2019-12-06,19874.3800,19740.8500,19957.2000,19740.8500
2019-12-09,19779.5200,19874.9700,19898.1600,19773.6500
2019-12-10,19925.8300,19824.0600,19971.3400,19815.7400
2019-12-11,20022.7300,19897.1100,20027.3900,19897.1100
2019-12-12,20103.9300,20022.7300,20173.1100,20022.7300
2019-12-13,20096.5600,20039.0800,20163.4400,20039.0800
2019-12-16,20010.5400,20096.5600,20130.0200,20002.9300
2019-12-17,20069.2100,19975.3200,20100.3800,19975.3200
2019-12-18,20243.1500,20078.8300,20243.1500,20033.5100
2019-12-19,20439.2800,20237.7000,20441.9700,20215.4700
2019-12-20,20312.7800,20442.9600,20444.8800,20311.8700
2019-12-23,20356.4800,20282.7600,20376.2000,20273.2800
2019-12-24,20426.9900,20331.5400,20426.9900,20320.0000
2019-12-26,20606.9000,20433.7600,20622.5700,20424.3300
2019-12-27,20579.7200,20606.9000,20740.0900,20579.1700
2019-12-30,20587.0800,20579.1900,20643.1200,20549.5600
2019-12-31,20526.1300,20579.1900,20643.1200,20485.2500
2020-01-02,20634.1400,20579.1900,20643.1200,20480.2800
2020-01-03,20545.5100,20634.1400,20707.3600,20523.6700
2020-01-06,20568.3900,20586.3900,20608.4400,20468.0100
2020-01-07,20475.2800,20606.1200,20606.1200,20467.8700
2020-01-08,20381.9200,20453.7100,20518.3800,20381.9200
2020-01-09,20420.1700,20370.2400,20435.6000,20364.9100
2020-01-10,20447.3500,20408.4900,20505.5400,20387.9900
2020-01-13,20475.9200,20497.0300,20524.1700,20456.6300
2020-01-14,20489.6600,20451.9600,20492.6400,20428.9900
2020-01-15,20554.9100,20487.1900,20626.9100,20473.8800
2020-01-16,20610.5200,20554.5500,20693.1800,20535.7600
2020-01-17,20727.2800,20580.1300,20742.3800,20580.1300
2020-01-20,20734.7400,20731.0200,20756.3700,20719.5700
2020-01-21,20612.1800,20741.6100,20750.2400,20550.8800
2020-01-22,20679.5900,20600.3800,20686.3000,20572.0900
2020-01-23,20545.1900,20655.2900,20705.5700,20543.7400
2020-01-24,20319.2000,20539.6200,20544.9300,20310.3800
2020-01-27,19964.4200,20425.5500,20428.6000,19948.3000
2020-01-28,19924.9600,19935.0600,19981.6900,19886.1700
2020-01-29,19979.7400,19926.2500,20022.6000,19925.7700
2020-01-30,19914.9800,20025.1200,20025.1200,19871.0900
2020-01-31,19834.5700,19924.4400,19948.3000,19833.2500
2020-02-03,19835.7900,19776.9100,19925.9200,19772.2000
2020-02-04,20251.6100,19788.1500,20251.6100,19788.1500
2020-02-05,20393.9400,20244.9900,20465.9200,20208.1600
2020-02-06,20100.8100,20423.6600,20434.4000,19961.7800
2020-02-07,19883.8800,20160.6500,20161.0700,19881.9200
2020-02-10,19941.3900,19922.6000,19986.8700,19838.3300
2020-02-11,19958.8700,19924.3500,20098.1300,19908.2700
2020-02-12,20059.3100,19958.8700,20123.5200,19925.2600
2020-02-13,20008.0300,20080.6800,20093.9100,19995.4100
2020-02-14,19854.4800,19993.8400,20006.2600,19837.5600
2020-02-17,19841.4500,19872.7000,19875.2000,19841.4500
2020-02-18,19600.0700,19887.8600,19890.9400,19593.1000
2020-02-19,19728.3200,19601.2200,19737.1800,19544.7400
2020-02-20,19715.9600,19769.7300,19801.1000,19714.7400
2020-02-21,19600.8800,19749.1000,19753.0800,19576.0900
2020-02-24,19196.6000,19679.6000,19679.9200,19195.6600
2020-02-25,18852.9500,19197.1600,19202.0400,18850.1900
2020-02-26,18946.1400,18878.3800,19027.8300,18842.7500
2020-02-27,18608.1900,19018.4400,19022.1200,18608.1900
2020-02-28,18264.3000,18711.1200,18711.1200,18149.8400
2020-03-02,18555.8500,18264.3000,18576.9900,18203.5300
2020-03-03,18494.8100,18602.2900,18748.7100,18410.5000
2020-03-04,18837.4000,18440.5200,18837.5800,18440.5200
2020-03-05,18718.2300,18927.7500,18939.3200,18709.7600
2020-03-06,18285.9400,18788.4400,18788.4400,18177.3400
2020-03-09,17323.1300,18285.9400,18320.0700,17252.5000
2020-03-10,17750.6300,17323.3800,17761.5600,17323.2900
2020-03-11,17094.3100,17758.4800,17774.7600,17093.9800
2020-03-12,15312.2300,17094.5500,17094.5500,15311.8000
2020-03-13,15947.4000,15311.8000,15963.8000,15311.8000
2020-03-16,15215.2100,15948.1400,15948.1400,15153.6000
2020-03-17,15403.0700,15234.6900,15584.8100,15205.8100
2020-03-18,14523.9200,15402.8500,15402.9300,14373.9100
2020-03-19,14650.9700,14511.9300,14725.3100,14223.7000
2020-03-20,14389.9000,14715.2700,14868.0200,14330.6300
2020-03-23,14050.9700,14389.9000,14391.5500,13967.5400
2020-03-24,14243.5000,14050.7700,14378.1600,13987.6200
2020-03-25,14539.6000,14200.8100,14544.3900,14159.2700
2020-03-26,14483.4600,14543.9900,14730.4000,14230.9100
2020-03-27,13892.6200,14483.2400,14485.9700,13891.7200
2020-03-30,13911.7300,13878.4000,14078.6100,13862.6200
2020-03-31,14463.9600,13883.2500,14582.5700,13883.2500
2020-04-01,13900.0500,14461.6500,14572.4400,13859.7900
2020-04-02,13785.7200,13899.8500,14146.0200,13765.0900
2020-04-03,13538.7900,13821.9600,13838.4800,13516.8100
2020-04-06,13565.6400,13534.6800,13628.8300,13443.0200
2020-04-07,13774.5000,13565.4400,13955.9600,13563.8500
2020-04-08,13912.3900,13819.5000,14036.5900,13771.2400
2020-04-13,14379.8200,13899.8100,14379.9600,13757.8800
2020-04-14,14464.8200,14336.9500,14519.0700,14335.0200
2020-04-15,14456.9500,14535.1000,14546.8200,14290.4600
2020-04-16,14446.7300,14493.4200,14584.4900,14373.1000
2020-04-17,14493.9500,14446.9400,14526.2600,14386.3200
2020-04-20,14625.6100,14491.6100,14720.5300,14491.6100
2020-04-21,14306.6200,14690.0700,14690.0700,14280.9500
2020-04-22,14403.8900,14323.3100,14449.5700,14268.6500
2020-04-23,14384.0700,14414.7800,14501.5400,14348.6500
2020-04-24,14229.9500,14383.8600,14475.5800,14221.3200
2020-04-27,14345.0500,14229.9500,14388.4100,14206.9900
2020-04-28,14453.5300,14306.8500,14504.6900,14298.2400
2020-04-29,14933.6100,14453.7400,14943.2000,14453.7400
2020-04-30,14779.2800,14933.3800,15042.5200,14748.8600
2020-05-04,14722.3000,14779.2800,14871.8100,14539.7700
2020-05-05,14900.4800,14732.9600,14964.4600,14723.6600
2020-05-06,14953.7600,14944.2300,15036.8900,14887.1100
2020-05-07,15095.0500,14962.5200,15143.8500,14962.5200
2020-05-08,15409.1800,15094.8200,15409.1800,15080.8500
2020-05-11,15265.5900,15410.9900,15428.4700,15160.6200
2020-05-12,15485.8600,15250.1900,15558.5100,15250.1900
2020-05-13,15143.3300,15486.0800,15506.8200,15134.7100
2020-05-14,15126.2100,15200.3500,15200.3500,14978.7100
2020-05-15,15189.1500,15113.0500,15250.0100,15060.9700
2020-05-18,15679.3100,15189.3700,15697.2200,15189.2900
2020-05-19,15461.5700,15677.0200,15677.8000,15439.7200
2020-05-20,15427.1500,15457.0600,15590.7200,15410.4400
2020-05-21,15423.5800,15429.4200,15435.2900,15317.4300
2020-05-22,15349.3000,15418.6100,15482.7500,15314.4500
2020-05-25,15400.1200,15349.3000,15412.6700,15338.8000
2020-05-26,15485.6800,15400.1200,15546.2900,15400.1200
2020-05-27,15725.5300,15485.6800,15725.5300,15485.6800
2020-05-28,15777.5400,15727.8100,15812.5200,15684.8700
2020-05-29,15580.8500,15772.9500,15776.5300,15561.2800
2020-06-01,15743.4700,15591.7600,15780.5000,15549.3900
2020-06-02,15780.9600,15734.2600,15861.9800,15734.2600
2020-06-03,16342.0800,15780.9600,16354.8000,15780.9600
2020-06-04,16618.3300,16342.0800,16618.3300,16342.0800
2020-06-05,17236.6900,16608.6500,17252.0400,16537.8800
2020-06-08,17488.3500,17236.1900,17552.3700,17236.1900
2020-06-09,17323.0500,17531.8600,17539.0300,17226.2000
2020-06-10,17324.6300,17323.5500,17335.0700,17080.4700
2020-06-11,16603.5000,17433.5700,17433.5700,16588.4500
2020-06-12,16824.2100,16620.5300,16846.3500,16537.7100
2020-06-15,16982.9100,16892.1600,17100.2400,16735.8200
2020-06-16,17019.5500,16880.8700,17138.4700,16880.8700
2020-06-17,17008.3700,17005.1400,17086.6800,16885.5200
2020-06-18,16948.0400,17068.9200,17087.7500,16881.4200
2020-06-19,16971.9800,16922.0600,17071.2100,16909.4500
2020-06-22,16913.6900,16974.1600,17081.2200,16888.6000
2020-06-23,16951.0700,16911.2700,16995.0600,16740.3600
2020-06-24,16753.2300,16951.0700,16999.6800,16694.2900
2020-06-25,16632.4400,16753.2300,16753.2300,16593.1900
2020-06-26,16634.4700,16656.1700,16709.3700,16588.1800
2020-06-30,16878.0000,16634.4700,16940.1200,16589.8900
2020-07-01,16724.0200,16870.6100,16957.2200,16714.1200
2020-07-02,16737.0500,16681.1400,16972.0300,16681.1400
2020-07-03,16698.7100,16746.7900,16835.5600,16695.6800
2020-07-06,16976.0500,16698.4700,16976.5300,16698.4700
2020-07-07,16913.7700,16976.0500,16976.0500,16892.4300
2020-07-08,16835.8800,16889.8600,17060.6800,16811.8500
2020-07-09,16599.6500,16828.2300,16908.0900,16594.0000
2020-07-10,16671.1500,16635.1900,16756.1300,16555.7100
2020-07-13,16646.3600,16671.3900,16865.1500,16645.8800
2020-07-14,16574.7200,16679.6700,16679.6700,16365.4500
2020-07-15,16741.4300,16574.9600,16831.1400,16574.8800
2020-07-16,16649.4900,16774.7200,16793.4400,16614.3600
2020-07-17,16752.8600,16585.6100,16756.6600,16585.6100
2020-07-20,16817.6100,16752.8600,16962.4800,16736.7900
2020-07-21,17134.5200,16820.0100,17204.3900,16819.2300
2020-07-22,17243.3800,17132.0700,18288.2100,17132.0700
2020-07-23,17268.4400,17243.3800,17364.4600,17226.3800
2020-07-24,17288.6600,17268.6800,17538.9300,17240.6500
2020-07-27,17700.7800,17288.1700,17716.3500,17288.1700
2020-07-29,17737.7400,17698.2700,17737.7400,17543.8300
2020-07-30,17614.3400,17737.7400,17737.7400,17611.0200
2020-07-31,17512.5300,17614.3400,17688.1800,17486.0700
2020-08-03,17559.5300,17512.5300,17629.7300,17421.5600
2020-08-04,17571.8000,17601.9200,17677.9300,17512.3500
2020-08-05,17935.0600,17552.0200,18043.3000,17540.0600
2020-08-06,18017.3600,17945.1800,18159.8200,17898.1300
2020-08-07,17972.3600,18029.8200,18083.4500,17863.5800
2020-08-10,17981.8200,17972.8300,18048.8100,17925.8600
2020-08-11,17910.3400,18046.4500,18069.8100,17894.7800
2020-08-12,17983.0700,17910.0900,18067.8100,17859.8700
2020-08-13,18192.3400,17985.3400,18272.6000,17973.5000
2020-08-14,18307.1300,18192.5900,18455.4500,18171.1300
2020-08-17,18467.1000,18307.3900,18543.6900,18294.5700
2020-08-18,18521.8600,18467.3600,18609.5400,18447.2600
2020-08-19,18351.9500,18555.3600,18555.3600,18345.5800
2020-08-20,18349.7100,18352.2100,18503.0400,18318.0200
2020-08-21,18276.0400,18370.7400,18370.7400,18203.5000
2020-08-24,18295.2200,18276.3000,18371.5100,18271.9800
2020-08-25,18252.1300,18315.8800,18333.9400,18228.8100
2020-08-26,18330.8100,18252.1300,18400.1300,18202.0100
2020-08-27,18338.4700,18300.2700,18489.9500,18286.1800
2020-08-28,18420.4400,18266.9400,18483.7900,18266.9400
2020-08-31,18576.8900,18420.7000,18595.9300,18382.6900
2020-09-01,18675.3700,18508.9900,18697.9300,18508.9900
2020-09-02,18487.0500,18675.9000,18704.8600,18465.6600
2020-09-03,18485.9700,18487.3200,18552.1700,18394.1300
2020-09-04,18137.9400,18473.4700,18530.1900,18136.0900
2020-09-07,18198.3600,18138.2000,18198.7000,18128.5300
2020-09-08,18103.1400,18183.1800,18243.8800,17991.4800
2020-09-09,18268.0700,18041.2900,18317.3300,18038.9400
2020-09-10,18102.3100,18226.7600,18346.2700,18102.3100
2020-09-11,18025.9400,18102.5700,18177.6800,17927.6400
2020-09-14,18163.4900,18026.1900,18219.5000,18026.1900
2020-09-15,17966.9200,18104.3300,18142.3300,17944.3800
2020-09-16,18093.9900,17926.1600,18146.4600,17926.1600
2020-09-17,18021.2000,18093.9900,18093.9900,17959.4700
2020-09-18,17907.1300,18049.8400,18050.0500,17845.4900
2020-09-21,17692.6800,17919.5800,17919.5800,17692.6800
2020-09-22,17777.1400,17690.1900,17801.4300,17686.1200
2020-09-23,17497.2400,17777.1400,17777.1400,17482.0600
2020-09-24,17777.7500,17484.5100,17844.9200,17397.9100
2020-09-25,17743.8800,17763.4000,17768.3600,17656.7600
2020-09-28,17875.0800,16612.8100,18482.3500,16607.8600
2020-09-29,17881.1800,17864.6200,17952.2400,17839.6800
2020-09-30,17948.7800,17908.7500,17973.8600,17830.6500
2020-10-01,17842.8100,17916.6600,17928.0400,17833.1900
2020-10-02,17911.5600,17872.2500,17992.0500,17836.5600
2020-10-05,17953.2200,17911.5600,17960.2200,17858.7000
2020-10-06,18128.9200,17958.4700,18158.2300,17909.7300
2020-10-07,17958.6400,18171.6600,18171.6600,17937.0600
2020-10-08,18032.0000,17994.3500,18038.6200,17945.5100
2020-10-09,18112.2600,17954.2000,18134.1000,17954.2000
2020-10-12,18013.5500,18109.4800,18110.4300,17958.3600
2020-10-13,17821.1700,18002.2500,18055.9900,17821.1700
2020-10-14,17835.0700,17826.3900,17915.8400,17824.5800
2020-10-15,17690.8000,17821.6600,17826.2900,17684.3800
2020-10-16,17667.5100,17653.7700,17696.4400,17593.7600
2020-10-19,17617.4000,17670.9600,17767.9800,17617.0700
2020-10-20,17812.2900,17605.3800,17862.5700,17605.3800
2020-10-21,18164.7200,17812.5400,18184.3600,17812.4500
2020-10-22,18066.5300,18156.6500,18232.5400,18043.8600
2020-10-23,18058.6600,18051.7300,18156.6900,18051.7300
2020-10-26,17844.4100,18044.1000,18089.8800,17828.5700
2020-10-27,18157.7100,17820.1600,18181.4200,17820.1600
2020-10-28,17664.1000,18182.3700,18182.3700,17628.4500
2020-10-29,17705.8400,17648.4500,17897.5700,17563.5200
2020-10-30,17472.2000,17676.9200,17686.6900,17463.5700
2020-11-02,17772.7700,17462.5300,17789.2100,17460.0500
2020-11-03,17824.4700,17745.7400,17914.2300,17745.7400
2020-11-04,17709.0400,17839.8500,17892.8500,17686.5100
2020-11-05,18037.1800,17664.5400,18074.6400,17664.5400
2020-11-06,17994.8300,18044.2000,18065.9300,17868.9500
2020-11-09,18896.0400,17982.8000,19005.7400,17965.0200
2020-11-10,17666.7800,19064.5300,19064.8200,17666.7800
2020-11-11,17837.7500,17620.9800,17863.8300,17619.1300
2020-11-12,17804.7000,17847.5900,18071.2200,17796.1800
2020-11-13,18048.4100,17819.7700,18091.0100,17819.7700
2020-11-16,18290.3300,18040.7300,18301.8300,17868.9100
2020-11-17,18517.7000,18280.1000,18517.7000,18084.7700
2020-11-18,18629.0200,18440.8500,18659.1100,18405.4000
2020-11-19,18553.1600,18652.4800,18652.4800,18389.3700
2020-11-20,18810.3900,18552.9000,18810.3900,18552.8100
2020-11-23,18924.5400,18795.2200,18924.5400,18784.9000
2020-11-24,19480.8700,18910.8900,19480.8700,18802.0900
2020-11-25,19642.3200,19467.3800,19658.7400,19454.8000
2020-11-26,19610.3900,19642.3200,19664.1500,19603.8400
2020-11-27,19601.0900,19613.6500,19864.4600,19455.0700
2020-11-30,19796.5100,19585.8600,19882.4000,19584.9100
2020-12-01,20146.3100,19766.6000,20147.4500,19766.6000
2020-12-02,20313.8500,20121.1900,20314.2200,20097.4700
2020-12-03,20474.4900,20269.1200,20588.5700,20269.1200
2020-12-04,20590.5800,20456.2400,20690.6900,20456.2400
2020-12-07,20762.6200,20573.6500,20797.8200,20571.6800
2020-12-09,20646.3500,20743.0300,20773.9300,20542.8000
2020-12-10,20781.7900,20640.9000,20806.4200,20640.9000
2020-12-11,20474.0000,20793.6400,20827.0000,20474.0000
2020-12-14,20485.5100,20444.3400,20551.3300,20233.6000
2020-12-15,20583.1400,20514.1400,20584.9400,20330.8900
2020-12-16,20679.2200,20563.3400,20745.5300,20476.9400
2020-12-17,20811.7200,20660.4900,20876.5800,20660.4900
2020-12-18,20742.3700,20798.9600,20936.7100,20729.7800
2020-12-21,20562.0900,20799.9000,20799.9000,20495.7600
2020-12-22,20493.5900,20599.4400,20611.0100,20383.8200
2020-12-23,20797.4000,20513.4400,20810.9400,20501.7200
2020-12-24,20835.7300,20781.8400,20905.2700,20781.8400
2020-12-28,20842.4000,20828.8100,20910.3500,20806.9000
2020-12-29,20862.7800,20847.0200,20888.4000,20802.5200
2020-12-30,20967.1900,20850.6700,20986.9600,20824.2600
2020-12-31,20822.1500,20985.1500,20985.1500,20784.8900
2021-01-04,21013.2400,20800.2900,21120.2000,20800.2900
2021-01-05,21009.1300,21011.4100,21053.8600,20894.9100
2021-01-06,21330.3500,20983.0700,21372.5500,20983.0700
2021-01-07,21693.5500,21362.7100,21717.2800,21284.4400
2021-01-08,21625.3700,21664.2100,21676.9600,21462.2900
2021-01-11,21654.5900,21682.0100,21707.7000,21541.8300
2021-01-12,21618.5500,21660.2800,21664.1600,21474.1600
2021-01-13,21517.9000,21591.9100,21684.3500,21517.3100
2021-01-14,21633.8200,21526.8300,21717.6700,21513.3500
2021-01-15,21465.2400,21657.4900,21658.7900,21394.7400
2021-01-18,21460.7800,21465.5300,21525.0700,21457.7100
2021-01-19,21561.7200,21434.3600,21570.4800,21403.9400
2021-01-20,21541.2900,21556.3500,21605.5800,21358.4900
2021-01-21,21403.8700,21541.0000,21570.5300,21309.4100
2021-01-22,21383.8200,21385.5600,21736.8800,21255.7600
2021-01-25,21394.6100,21364.7000,21445.2500,21251.0200
2021-01-26,21471.2600,21379.3500,21781.9700,21379.3500
2021-01-27,21067.6600,21539.3100,21539.3100,21058.6600
2021-01-28,21289.7200,21090.7800,21418.7200,21057.8300
2021-01-29,21110.2200,21266.9300,21441.1500,21033.5400
2021-02-01,21610.0300,21075.4000,21638.7800,21075.4000
2021-02-02,21451.8900,21601.4200,21616.6500,21326.5500
2021-02-03,21632.7800,21446.5800,21658.0700,21440.2500
2021-02-04,21552.2000,21647.6300,21653.5400,21459.2600
2021-02-05,21783.3700,21533.8600,21784.0700,21515.9500
2021-02-08,21941.3000,21822.6000,21941.9000,21755.5900
2021-02-09,22310.7800,21944.9100,22333.6100,21919.0200
2021-02-10,22492.2300,22302.1900,22609.8700,22295.2600
2021-02-11,22151.9400,22474.2900,22492.7100,22131.9200
2021-02-12,22413.9800,22164.1100,22415.8200,22147.2900
2021-02-15,22232.2700,22408.4400,22415.4900,22206.1600
2021-02-16,22597.0000,22244.1600,22687.5400,22239.5900
2021-02-17,22681.6800,22600.7100,22682.1100,22513.0900
2021-02-18,22469.8000,22654.0400,22716.6700,22457.2900
2021-02-19,22794.1800,22460.8700,22851.3500,22460.8700
2021-02-22,23180.0100,22781.7000,23283.5100,22781.7000
2021-02-23,23179.5200,23176.2000,23190.8600,22892.4000
2021-02-24,23199.6800,23178.8800,23225.5200,23117.8700
2021-02-25,22875.0500,23225.1300,23225.1300,22870.8300
2021-02-26,22530.4200,22891.0400,22891.9900,22487.4400
2021-03-01,22810.0300,22514.4700,22818.4400,22514.4700
2021-03-02,22871.6200,22822.8200,22906.9500,22734.6800
2021-03-03,22872.4700,22899.0700,22915.8900,22771.7000
2021-03-04,22536.2800,22863.4500,22883.6300,22386.2900
2021-03-05,22550.8000,22579.1000,22680.3100,22412.1200
2021-03-08,22565.6400,22535.1200,22654.7100,22512.5500
2021-03-09,22566.5800,22577.3300,22606.7800,22422.1900
2021-03-10,22702.5200,22548.2800,22702.9400,22520.0700
2021-03-11,22739.3400,22656.7500,22757.0000,22642.9700
2021-03-12,22767.3900,22782.7500,22846.3100,22752.5900
2021-03-15,22673.8500,22748.9800,22849.3700,22662.0500
2021-03-16,22339.9900,22673.5400,22704.2500,22332.2200
2021-03-17,22443.8600,22339.9900,22476.4500,22246.8000
2021-03-18,22312.0800,22382.6600,22493.3800,22309.1600
2021-03-19,22214.8100,22318.0900,22331.7600,22208.5400
2021-03-22,21967.5200,22214.8100,22215.2200,21958.6300
2021-03-23,21529.0200,21958.0500,21961.3600,21528.6300
2021-03-24,21497.1300,21516.0000,21596.7200,21405.5600
2021-03-25,21254.3700,21506.0800,21508.1200,21186.8100
2021-03-26,21410.2700,21229.0500,21485.2000,21229.0500
2021-03-29,21404.9600,21395.9300,21409.6200,21259.2100
2021-03-30,21478.6500,21387.5500,21485.7900,21331.5200
2021-03-31,21372.0300,21461.8500,21524.4200,21371.6400
2021-04-05,21429.8800,21358.6100,21701.0500,21358.6100
2021-04-06,21510.3200,21430.1700,21600.9800,21348.2100
2021-04-07,21334.9600,21492.5600,21592.4400,21313.7200
2021-04-08,21799.9200,21310.7200,21841.7800,21310.7200
2021-04-09,21715.7500,21800.5200,21861.5400,21658.4200
2021-04-12,21315.2200,21720.5400,21720.5400,21022.7800
2021-04-13,21436.4300,21376.4600,21466.0700,21272.9100
2021-04-14,21279.3500,21432.8900,21529.2700,21256.8500
2021-04-15,21285.3000,21284.9100,21341.0700,21192.6200
2021-04-16,21194.1300,21267.9900,21414.7400,21186.0600
2021-04-19,20483.6800,21194.1300,21194.1300,20483.2800
2021-04-20,19533.6600,20467.2300,20561.6600,19441.4000
2021-04-21,19639.5500,19533.4000,19699.7100,19396.5100
2021-04-22,19052.7200,19642.4600,19799.6300,19043.8000
2021-04-23,19042.8900,19038.0200,19126.0300,18900.9300
2021-04-26,19310.9100,19026.3000,19331.5900,18769.6700
2021-04-27,19185.2000,19293.8100,19430.0200,19178.9300
2021-04-28,19021.8900,19179.9500,19217.4700,18904.0700
2021-04-29,19319.6700,19004.9900,19327.6700,18914.9200
2021-04-30,19562.7700,19302.5800,19576.5400,19296.3400
2021-05-03,19601.1300,19549.0800,19725.5800,19532.8400
2021-05-04,19484.2000,19573.1400,19638.0800,19461.9900
2021-05-05,19608.8300,19468.7000,19608.8300,19468.7000
2021-05-06,19521.0300,19592.4300,19629.2200,19450.2000
2021-05-07,20178.1100,19515.9200,20228.2400,19515.9200
2021-05-10,20957.6800,20181.9800,21225.9800,20181.9800
2021-05-11,20870.2200,20926.7300,20941.0500,20579.1200
2021-05-12,21720.4100,20863.4700,21720.9900,20780.6100
2021-05-13,21515.2600,21674.2600,21716.9800,21479.2000
2021-05-14,21880.5000,21499.9700,21897.0800,21499.9700
2021-05-17,21832.7800,21862.0700,22130.6300,21783.0500
2021-05-18,21684.4900,21817.5000,21874.0200,21655.0400
2021-05-19,21204.7300,21661.9000,21669.6300,21145.6800
2021-05-20,21236.3300,21188.8700,21313.2000,21188.8700
2021-05-21,20571.6600,21208.5500,21217.6000,20306.8900
2021-05-24,20349.4900,20559.6000,20563.5000,20324.0700
2021-05-25,20237.8400,20317.1800,20432.0600,20203.8700
2021-05-26,20183.1700,20278.0700,20295.7900,20148.1300
2021-05-27,19943.1800,20182.6500,20471.7700,19872.6600
2021-05-28,21015.9600,19940.3300,21064.4600,19940.3300
2021-05-31,21041.7100,20985.6600,21261.9100,20599.4500
2021-06-01,20973.8500,21051.9400,21221.0400,20866.1900
2021-06-02,21118.6500,20981.4600,21252.1300,20967.1500
2021-06-03,21382.6700,21122.5200,21427.2100,21053.0000
2021-06-04,22218.6700,21365.2800,22248.3800,21337.6200
2021-06-07,20497.9500,22266.1900,22266.1900,20479.2100
2021-06-08,20385.5400,20497.4300,20668.7800,20338.8800
2021-06-09,19667.3900,20369.7200,20423.7500,19468.3200
2021-06-10,19987.1700,19667.1400,20256.4700,19661.0900
2021-06-11,19809.5800,19970.7500,20126.4500,19809.5800
2021-06-14,19608.9400,19793.5600,19880.5800,19600.7300
2021-06-15,19202.3900,19609.1900,19688.9400,19183.0400
2021-06-16,18964.5800,19185.0700,19280.8500,18963.6200
2021-06-17,18695.5800,18962.6400,18963.2600,18637.0300
2021-06-18,18576.1700,18684.1300,18758.9100,18576.0200
2021-06-21,18627.7400,18568.6500,18672.4600,18557.4400
2021-06-22,18724.9200,18669.6700,18816.9200,18574.6800
2021-06-23,18779.5700,18679.7500,18995.5700,18679.7500
2021-06-24,18858.6800,18746.3000,18912.5100,18733.1900
2021-06-25,18969.9600,18822.9500,18977.7600,18822.9500
2021-06-28,18976.9700,18936.1500,18985.3100,18739.4900
2021-06-30,18850.9100,18976.7300,18997.0100,18563.9400
2021-07-01,18675.5400,18850.4200,18982.3000,18659.5600
2021-07-02,18788.3300,18710.7700,18789.2600,18554.6300
2021-07-05,18961.8000,18794.3400,18966.2100,18748.4900
2021-07-06,18790.0700,18966.8600,18971.5500,18754.2400
2021-07-07,18803.1600,18813.8400,18835.3100,18717.7800
2021-07-08,18637.8000,18800.7900,18879.6700,18623.4200
2021-07-09,18822.7500,18640.8600,18849.6500,18639.8600
2021-07-12,18701.9100,18823.2200,18823.2200,18664.5100
2021-07-13,18685.2700,18703.3200,18766.9400,18665.1500
2021-07-14,18548.5700,18685.2700,18712.9900,18496.6300
2021-07-15,18604.3400,18548.8100,18711.8800,18489.8700
2021-07-16,18307.3600,18604.3400,18641.0800,18307.3600
2021-07-19,18170.7600,18307.3600,18369.0500,18151.5400
2021-07-20,18426.3700,18185.7100,18450.3800,18181.2800
2021-07-21,18743.0000,18426.3700,18750.9400,18403.5100
2021-07-22,18759.9100,18743.0000,18779.1700,18671.4700
2021-07-23,18544.0200,18752.2800,18754.7700,18496.2900
2021-07-26,18749.4800,18524.6600,18749.4800,18524.6600
2021-07-27,18775.1200,18751.8800,18802.2500,18671.1600
2021-07-30,17671.7700,18812.8900,18812.8900,17551.2500
2021-08-02,17845.6600,17671.7700,18060.2100,17671.7700
2021-08-03,17624.6800,17845.8800,17987.0800,17624.6800
2021-08-04,17447.6700,17624.9000,17722.2300,17430.7300
2021-08-05,17331.2400,17452.7900,17458.9400,17319.0300
2021-08-06,17331.3300,17354.4500,17514.0000,17325.8400
2021-08-09,17205.8800,17340.0100,17356.5600,17205.8800
2021-08-10,17062.7700,17212.3700,17233.9200,16902.4300
2021-08-11,17003.4500,17068.0000,17127.3900,17003.0200
2021-08-12,16829.3100,16991.4200,17006.9900,16813.0900
2021-08-13,16771.2600,16819.0200,17018.0100,16767.7000
2021-08-16,16736.0800,16757.6900,16845.7400,16692.1100
2021-08-17,16359.6300,16740.3900,16740.3900,16318.6300
2021-08-18,15916.2000,16370.3600,16370.3600,15916.2000
2021-08-19,15529.4700,15916.4000,15916.4000,15487.8100
2021-08-20,15532.0600,15534.9500,15643.6600,15505.5600
2021-08-23,16211.1500,15532.0600,16219.4900,15532.0600
2021-08-24,17033.9900,16213.5200,17043.1400,16212.7800
2021-08-25,16991.5500,17042.1000,17042.1000,16906.3000
2021-08-26,16893.7000,16987.1900,17046.6000,16842.9000
2021-08-27,17444.2400,16894.3300,17461.0700,16894.1300
2021-08-31,17653.5400,17461.7700,17653.6900,17391.0500
2021-09-01,17572.3500,17662.8200,17782.2800,17559.0900
2021-09-02,17508.3800,17572.3500,17596.7900,17503.4200
2021-09-03,17678.7400,17508.3800,17728.7600,17503.9000
2021-09-06,17712.5000,17678.9600,17732.4100,17662.1200
2021-09-07,17598.3600,17720.4800,17844.0700,17583.3800
2021-09-08,17410.1700,17612.5500,17617.5300,17395.3100
2021-09-09,17550.8000,17434.8100,17550.8000,17374.6200
2021-09-10,17715.4900,17547.8100,17811.1600,17519.2900
2021-09-13,18063.6600,17715.7100,18141.0000,17671.6400
2021-09-14,17895.8800,18071.3600,18122.9500,17891.1000
2021-09-15,18008.7800,17911.3600,18016.6600,17864.7800
2021-09-16,17885.1400,18017.5400,18020.2700,17735.7300
2021-09-17,17979.6500,17888.1900,17981.5400,17808.3200
2021-09-20,17747.0100,17979.8700,18024.7100,17694.5300
2021-09-21,17869.1400,17749.1700,17869.1700,17724.2700
2021-09-22,18099.1200,17862.4100,18177.7300,17862.4100
2021-09-23,18208.2800,18111.0000,18244.2600,17940.4500
2021-09-24,18308.8700,18208.2800,18362.3500,18203.7900
2021-09-27,18653.2700,18317.3300,18713.9400,18314.4600
2021-09-28,18515.3400,18658.4700,18676.8200,18497.6100
2021-09-29,18458.6400,18528.1200,18528.1200,18299.4300
2021-09-30,18279.1500,18481.6700,18597.6100,18240.0600
2021-10-01,18348.7400,18287.7700,18374.0400,18098.5100
2021-10-04,18192.0500,18350.5200,18353.6200,18188.8800
2021-10-05,18342.6800,18183.2500,18356.9800,18140.7300
2021-10-06,18356.0700,18327.1300,18366.0500,18261.8800
2021-10-07,19375.7300,18342.7600,19445.9000,18342.7600
2021-10-11,19585.6100,19354.4300,19820.1500,19354.4300
2021-10-12,19731.8400,19590.4100,19797.2700,19588.8300
2021-10-13,19694.9100,19772.6900,19939.8400,19652.4500
2021-10-14,19745.2500,19697.1400,19782.9300,19628.9200
2021-10-15,20489.4800,19767.1900,20511.4500,19759.7500
2021-10-18,20559.3900,20515.2700,20622.9600,20420.4600
2021-10-19,20679.9400,20586.2000,20792.6600,20577.1500
2021-10-20,20807.5500,20699.3200,20941.3800,20666.1800
2021-10-21,20859.2400,20836.2900,20957.8300,20813.7800
2021-10-22,20960.3100,20876.6500,21080.2000,20870.7500
2021-10-25,21243.0600,20984.6000,21279.1600,20976.3600
2021-10-26,21005.8100,21273.2500,21273.2500,20963.3800
2021-10-27,20885.8500,21027.9300,21027.9300,20833.1200
2021-10-28,20959.4900,20900.0200,20972.2700,20723.9300
2021-10-29,20737.7700,20981.8500,20981.8500,20669.0600
2021-11-02,20715.6100,20714.4200,20834.4100,20568.5300
2021-11-03,20528.7600,20724.6400,20724.6400,20466.3000
2021-11-04,20254.7100,20554.3300,20573.2100,20201.6800
2021-11-05,20420.1000,20260.5100,20435.5100,20220.1300
2021-11-08,20531.1100,20426.4600,20644.4300,20391.3700
2021-11-09,20488.7600,20547.5500,20592.3700,20318.6000
2021-11-10,20403.5400,20508.1400,20578.7900,20387.1000
2021-11-11,20665.3200,20391.6400,20682.8200,20379.3200
2021-11-12,20795.1900,20656.7000,20831.3100,20617.6000
2021-11-15,20687.9100,20795.1900,20822.1300,20629.2600
2021-11-16,20486.0400,20674.1900,20732.1400,20486.0400
2021-11-17,20093.0100,20509.6000,20509.6000,20065.3600
2021-11-18,20174.3300,20094.1000,20220.3600,20061.4100
2021-11-19,20125.2800,20142.2300,20243.6200,20105.9800
2021-11-22,19831.9700,20139.8300,20139.8300,19776.8200
2021-11-23,19987.2000,19851.0100,19987.2000,19723.3500
2021-11-24,20209.2500,19987.2000,20234.6900,19979.2300
2021-11-25,20251.7300,20186.4200,20335.2800,20186.4200
2021-11-26,19864.2300,20263.2700,20289.3200,19517.6700
2021-11-29,20249.2800,19867.6700,20254.9800,19810.3900
2021-11-30,20416.4300,20258.4900,20497.7400,20158.2700
2021-12-01,19878.7400,20397.8600,20629.8900,19875.7900
2021-12-02,20163.6400,19876.2800,20212.0200,19820.5500
2021-12-03,20000.3900,20170.3200,20262.6900,19981.5500
2021-12-06,20365.0100,19972.4600,20376.9100,19930.2300
2021-12-07,20521.7400,20368.7100,20760.6700,20285.2400
2021-12-09,20548.9800,20497.8800,20563.8800,20292.0800
2021-12-10,20272.4700,20554.5200,20579.6300,20261.6700
2021-12-13,20306.5300,20271.4700,20329.1800,20088.4500
2021-12-14,20117.4000,20322.3400,20335.7200,20097.3300
2021-12-15,19890.5500,20121.8600,20147.8400,19822.8700
2021-12-16,20310.8900,19882.9500,20310.8900,19847.6000
2021-12-17,20342.6400,20334.2700,20397.1900,20248.0900
2021-12-20,20160.6000,20361.7700,20377.2000,20157.3000
2021-12-21,20642.6500,20163.0900,20656.0400,20152.8900
2021-12-22,20531.3900,20615.4300,20642.6300,20500.6000
2021-12-23,20765.0400,20550.4700,20776.8800,20508.3800
2021-12-24,20763.0800,20739.3800,20766.9900,20707.7200
2021-12-27,21023.1400,20748.9800,21050.4000,20742.9900
2021-12-28,20889.1300,21077.4100,21142.5300,20873.1200
2021-12-29,20857.3000,20881.2200,20939.9400,20800.9500
2021-12-30,21157.3100,20876.1700,21163.1500,20837.5200
2021-12-31,21082.9000,21126.8600,21204.0400,21070.6000
2022-01-03,21163.8700,21111.7300,21171.3900,21047.7700
2022-01-04,21560.0900,21164.1400,21582.0900,21043.1000
2022-01-05,21830.7700,21590.3200,21988.6000,21553.1300
2022-01-06,22172.8700,21831.6000,22254.5800,21797.7400
2022-01-07,22355.3900,22196.3400,22417.0300,22091.8200
2022-01-10,22355.2400,22375.8600,22391.3900,22204.5800
2022-01-11,22786.6000,22352.6500,22820.9700,22320.4300
2022-01-12,23528.9200,22808.1700,23529.1200,22724.2200
2022-01-13,23653.5200,23552.7600,23745.5400,23502.5700
2022-01-14,23486.6000,23672.3600,23672.3600,23344.2900
2022-01-17,23418.0200,23499.3500,23504.2700,23285.5500
2022-01-18,23316.3300,23420.1400,23420.8300,23266.7300
2022-01-19,23475.1300,23362.8300,23494.6500,23194.8300
2022-01-20,23329.7800,23508.5300,23571.2300,23300.9700
2022-01-21,22944.8800,23351.3100,23382.3800,22904.9100
2022-01-24,22783.1200,22945.1800,22945.1800,22409.0700
2022-01-25,22807.6400,22779.8700,22841.1900,22524.8500
2022-01-26,22547.7500,22832.5300,22916.9800,22404.6800
2022-01-27,22548.8300,22549.5200,22702.7500,22536.5600
2022-01-28,22649.8200,22538.2600,22665.9300,22533.7400
2022-01-31,22943.8100,22645.1200,22973.4400,22581.3500
2022-02-01,22694.5100,22891.9700,23077.0700,22650.7400
2022-02-02,22481.1100,22717.8800,22717.8800,22332.4200
2022-02-03,22209.5900,22484.8900,22502.4200,22197.9700
2022-02-04,22280.0900,22271.7500,22426.3700,22190.9700
2022-02-07,22454.9900,22280.9600,22464.4100,22171.9300
2022-02-08,23473.8300,22443.6000,23613.3900,22431.3800
2022-02-09,23779.6000,23495.5400,23854.2600,23406.1200
2022-02-10,23547.5700,23779.9200,24083.7600,23541.8700
2022-02-11,23723.9200,23569.6100,23935.8400,23447.2700
2022-02-14,23702.6300,23857.8400,23957.3200,23573.0400
2022-02-15,24228.5600,23710.7400,24250.8700,23667.4600
2022-02-16,24057.9700,24215.1700,24384.5000,24052.4600
2022-02-17,23871.1700,24067.9300,24172.5500,23827.0000
2022-02-18,23717.4500,23893.2600,23893.2600,23656.1100
2022-02-21,23748.2900,23717.7700,23803.6900,23706.3100
2022-02-22,23392.4100,23771.9600,23798.4800,23346.7900
2022-02-23,23390.7400,23382.6900,23505.9900,23321.1200
2022-02-24,23104.5500,23418.6300,23453.9300,22709.0500
2022-02-25,23781.6100,23124.6400,23781.6100,23088.8400
2022-02-28,23749.0300,23770.3400,23780.5800,23521.7100
2022-03-01,24148.3300,23760.0100,24191.8600,23756.3100
2022-03-02,24247.0400,24167.1300,24298.2400,24094.9400
2022-03-03,24452.3900,24244.7700,24462.0200,24244.7700
2022-03-04,24824.9400,24443.8700,24826.2800,24443.8700
2022-03-07,24282.8400,24825.0400,24856.7500,24282.8400
2022-03-08,24575.3900,24273.0500,24817.8700,24273.0500
2022-03-09,24754.6500,24568.8200,24781.3700,24382.2300
2022-03-10,24790.5700,24754.6500,24922.3300,24622.9100
2022-03-11,24774.8900,24790.5700,24874.4800,24712.5300
2022-03-14,24428.7200,24777.5700,24787.3900,24359.5300
2022-03-15,24301.0300,24428.7200,24559.7300,24300.6000
2022-03-16,24581.7500,24304.2800,24673.1000,24285.2400
2022-03-17,24932.6700,24582.7400,25089.0400,24568.2300
2022-03-18,25079.6200,24932.6700,25102.8300,24814.1900
2022-03-21,25380.8200,25079.6200,25546.5800,25079.6200
2022-03-22,25433.6800,25377.4600,25517.3100,25359.9100
2022-03-23,25642.5800,25433.6800,25644.7800,25433.6800
2022-03-24,25363.6500,25631.0100,25794.1800,25349.2200
2022-03-25,25567.8300,25379.9500,25601.8700,25374.6300
2022-03-28,25344.7400,25558.9400,25571.2500,25329.5400
2022-03-29,25259.0200,25344.7400,25416.1700,25239.5300
2022-03-30,25196.4900,25269.1900,25504.5600,25158.3200
2022-03-31,24915.5000,25196.4900,25251.9400,24902.9200
2022-04-01,24940.8000,24921.6000,25025.9500,24676.8800
2022-04-04,24942.7900,24929.8400,24971.1600,24785.6700
2022-04-05,24958.2300,25027.9800,25336.8900,24928.2900
2022-04-06,24606.8600,24948.1000,24988.9900,24579.6100
2022-04-07,24647.5100,24767.9800,24799.2400,24570.5300
2022-04-08,24260.2400,24538.0100,24689.1600,24250.3300
2022-04-11,24281.9200,24251.7400,24386.2500,24204.7400
2022-04-12,23957.0500,24277.3500,24418.1200,23938.8700
2022-04-13,23711.8500,23958.6500,24096.0900,23674.9900
2022-04-18,23552.3800,23701.6900,23937.8600,23521.6500
2022-04-19,23360.8000,23547.0300,23593.0700,23332.5400
2022-04-20,23750.7200,23383.5000,23779.6700,23328.2200
2022-04-21,23647.1300,23740.4800,23790.2500,23558.6400
2022-04-22,23337.6200,23637.0100,23741.1100,23295.1100
2022-04-25,22319.3600,23327.1000,23375.8300,22185.7500
2022-04-26,22171.4200,22320.2400,22320.5300,21978.1000
2022-04-27,22463.0400,22172.8700,22685.5400,22172.8700
2022-04-28,22607.9200,22454.2400,22639.9800,22350.1900
2022-04-29,22818.9000,22607.9200,22865.7500,22607.9200
2022-05-02,22386.2800,22841.1400,22868.9400,22308.8600
2022-05-03,22593.8500,22382.1900,22773.7600,22382.1900
2022-05-04,22469.0200,22584.0900,22620.6300,22254.2700
2022-05-05,21070.9300,22469.0200,22469.0200,21008.5100
2022-05-06,20898.1500,21063.1500,21159.2800,20763.9100
2022-05-09,20038.0900,20901.4400,20901.4400,20038.0900
2022-05-10,19831.2700,20053.8200,20194.8000,19742.6000
2022-05-11,19736.1400,19857.2100,19965.9800,19725.2600
2022-05-12,19211.4800,19728.3200,19772.4600,19211.4800
2022-05-13,19841.2100,19159.3000,20018.0300,19159.3000
2022-05-16,20047.3000,19905.8100,20165.5900,19858.6400
2022-05-17,20266.7900,20039.3300,20507.6400,20039.3300
2022-05-18,19833.9100,20270.5600,20272.4200,19831.6300
2022-05-19,20229.2400,20008.7000,20301.7200,19986.8100
2022-05-20,20300.2900,20229.2400,20300.2900,20077.2200
2022-05-23,20493.9400,20292.1300,20608.1100,20266.1900
2022-05-24,20416.9200,20486.7700,20529.5300,20280.4500
2022-05-25,20384.6300,20407.5500,20500.1600,20290.5400
2022-05-26,20569.0800,20384.6300,20636.5900,20384.6300
2022-05-27,20859.8800,20560.0900,20945.9800,20560.0900
2022-05-30,20983.5900,20859.8800,20983.5900,20844.4800
2022-05-31,20719.0400,20984.1600,20984.1600,20715.8200
2022-06-01,20703.9700,20717.3600,20793.3100,20651.8500
2022-06-02,21079.0700,20695.0900,21140.2200,20695.0900
2022-06-03,20876.9400,21068.2700,21078.6600,20869.6600
2022-06-06,20553.7100,20895.5100,20963.8000,20541.7900
2022-06-07,20620.5200,20533.9200,20659.1200,20494.4600
2022-06-08,20627.7000,20619.4200,20650.9700,20465.0100
2022-06-09,20371.6400,20627.7000,20629.6700,20349.3700
2022-06-10,20228.0300,20391.7200,20391.7200,20180.4500
2022-06-13,19837.7500,20228.3000,20231.5200,19639.8700
2022-06-14,19563.0300,19838.0100,19838.0100,19490.3300
2022-06-15,19784.7100,19583.8500,19799.3500,19484.5700
2022-06-16,19391.2100,19831.8000,19831.8000,19390.6000
2022-06-17,19382.9200,19412.6300,19505.2300,19370.4200
2022-06-20,19450.4200,19380.8300,19450.5900,19359.3700
2022-06-21,19532.1300,19473.6500,19690.5700,19399.0500
2022-06-22,19038.6100,19555.7400,19555.7400,18984.6500
2022-06-23,18500.5000,19024.3200,19029.5000,18420.6400
2022-06-24,18855.0800,18500.7400,18859.4000,18423.5800
2022-06-27,18815.0100,18893.9600,18918.3300,18784.5900
2022-06-28,18674.6700,18814.7600,19006.9900,18674.6700
2022-06-30,18388.8200,18657.1800,18663.4900,18289.2000
2022-07-01,18458.9800,18380.1800,18538.1100,18321.2400
2022-07-04,18452.2500,18459.2200,18477.4200,18375.4200
2022-07-05,18292.0400,18472.2500,18472.2500,18094.3700
2022-07-06,18060.2600,18310.0400,18310.0400,17960.3800
2022-07-07,18656.0900,18066.2900,18658.7700,18064.1200
2022-07-08,18652.8800,18682.4600,18709.7500,18562.2500
2022-07-11,18504.1200,18624.0300,18742.7600,18500.6400
2022-07-12,18462.9800,18504.1200,18691.6600,18461.4800
2022-07-13,18282.9000,18466.7000,18466.7000,18200.1500
2022-07-14,17752.6000,18282.9000,18282.9000,17547.5100
2022-07-15,17833.5200,17756.9200,17853.9800,17587.4100
2022-07-18,18221.8600,17834.8900,18258.4600,17834.3900
2022-07-19,18467.7100,18226.0600,18485.2600,18155.9500
2022-07-20,18644.9700,18473.4300,18675.3800,18433.4600
2022-07-21,19040.8200,18644.9700,19040.8200,18614.1300
2022-07-22,19245.1800,19056.8600,19277.2100,19051.0200
2022-07-25,19142.2200,19236.3400,19271.1600,19100.6400
2022-07-26,19316.2100,19152.9800,19355.1800,19149.1200
2022-07-27,19293.6600,19338.6500,19350.3900,19153.6300
2022-08-01,19054.7300,19298.5800,19298.5800,19011.6400
2022-08-02,19366.2500,19055.4600,19380.3300,19055.1900
2022-08-03,19261.2800,19362.3000,19540.6400,19212.0700
2022-08-04,19314.4200,19285.4100,19350.1000,19227.3300
2022-08-05,19421.2000,19319.8800,19424.1800,19244.4700
2022-08-08,19901.2600,19421.4500,19941.6200,19421.3500
2022-08-09,19895.9600,19914.7000,19929.3600,19767.3100
2022-08-10,20338.8500,19914.1800,20340.8500,19826.4200
2022-08-11,20372.3200,20338.3300,20493.2800,20293.3600
2022-08-12,20311.4300,20379.6800,20466.7700,20231.3700
2022-08-15,20087.0400,20311.6900,20334.6600,19992.1700
2022-08-16,20221.0800,20066.7400,20233.1600,19975.3900
2022-08-17,19915.3300,20155.0100,20179.1500,19888.3900
2022-08-18,19854.4800,19931.4000,19991.0000,19742.7500
2022-08-19,19668.6200,19847.5000,19891.1200,19626.6000
2022-08-22,19407.9400,19628.4200,19669.6600,19359.5500
2022-08-23,19594.3300,19429.4300,19603.9300,19325.0800
2022-08-24,19573.0700,19614.8800,19614.8800,19540.0300
2022-08-25,19571.6900,19593.0500,19631.1800,19495.5200
2022-08-26,19441.9200,19587.9500,19614.2800,19386.3600
2022-08-29,19163.5700,19436.5800,19438.5500,19163.5700
2022-08-31,18853.0500,19085.8100,19189.9400,18853.0500
2022-09-01,18445.5300,18855.7400,18855.7400,18422.0500
2022-09-02,18758.2700,18441.2200,18829.1600,18441.2200
2022-09-05,18903.1600,18747.6300,18909.9700,18747.6300
2022-09-06,18848.2200,18913.8600,18913.8600,18826.8300
2022-09-07,19003.9100,18848.2200,19011.5800,18789.3600
2022-09-08,19176.6400,19017.0900,19176.6400,18927.8500
2022-09-09,19546.2600,19195.4000,19549.0000,19188.4500
2022-09-12,19558.3200,19546.2600,19693.6100,19483.0400
2022-09-13,19312.3500,19570.2300,19570.2300,19295.1300
2022-09-14,19266.7500,19319.3600,19373.7000,19265.1700
2022-09-15,19359.5700,19261.7400,19433.3100,19226.3600
2022-09-16,19363.7800,19392.4600,19436.9500,19178.3700
2022-09-19,19479.8300,19348.0500,19479.9900,19280.8900
2022-09-20,19583.0700,19498.1800,19606.7800,19402.1400
2022-09-21,19659.5100,19605.1500,19659.5100,19483.5600
2022-09-22,19474.3100,19601.1900,19656.3700,19439.0000
2022-09-23,18920.7300,19476.3100,19476.3100,18909.0500
2022-09-26,18685.8300,18917.8200,18919.6700,18669.3600
2022-09-27,18791.2100,18686.0700,18908.8100,18684.9700
2022-09-28,19318.6600,18811.9100,19355.2300,18732.2300
2022-09-29,19370.9500,19339.2200,19421.9700,19238.0700
2022-09-30,19448.0600,19368.0300,19676.0800,19356.4400
2022-10-03,19866.2800,19456.6000,19876.1700,19384.8000
2022-10-04,20267.5000,19886.3500,20267.5000,19879.4400
2022-10-05,20268.0100,20288.0100,20295.5200,20100.8500
2022-10-06,20378.8100,20268.0100,20378.9800,20223.1300
2022-10-07,20110.6300,20379.0700,20404.8900,20110.6300
2022-10-10,19930.8000,20110.6300,20133.7400,19930.8000
2022-10-11,19829.8800,19949.3900,19965.8600,19800.9400
2022-10-12,19866.9500,19868.5700,19979.2100,19748.7600
2022-10-13,19966.1100,19889.6500,20007.1800,19708.6700
2022-10-14,19739.5800,19920.5900,20085.4700,19716.4700
2022-10-17,20077.3200,19759.1100,20077.4900,19676.1100
2022-10-18,20203.2600,20100.2700,20229.5200,20055.5500
2022-10-19,20115.5700,20207.0700,20272.1100,20070.0200
2022-10-20,20163.9600,20131.4700,20212.7600,20083.6100
2022-10-21,20480.3900,20166.2300,20480.3900,20125.2500
2022-10-24,20223.2000,20464.4700,20503.8300,20222.0200
2022-10-25,20735.4900,20223.2000,20737.5400,20223.2000
2022-10-26,21002.1300,20671.2400,21032.5800,20671.2400
2022-10-27,21047.6300,20953.4300,21057.0900,20769.3800
2022-10-28,20967.7400,21035.1900,21114.7400,20893.5300
2022-10-31,21095.2100,20995.6900,21155.3600,20986.2600
2022-11-02,20866.4200,21182.0800,21440.8900,20846.2400
2022-11-03,21003.2800,20881.7400,21098.1200,20750.9100
2022-11-04,21893.1400,21029.4500,21893.1600,21020.5100
2022-11-07,22029.1100,21946.4100,22106.7700,21829.9000
2022-11-08,21960.9100,22029.1100,22183.2400,21951.0100
2022-11-09,21812.5900,21964.5700,22033.7200,21687.1700
2022-11-10,22062.2300,21819.8600,22295.1600,21710.1000
2022-11-11,22298.6700,22070.6900,22415.2500,22061.5300
2022-11-14,22381.6200,22295.2900,22482.2300,22075.4800
2022-11-15,22303.0200,22380.5200,22380.9000,22158.7100
2022-11-16,22140.2500,22392.8600,22417.3400,22140.2200
2022-11-17,21860.6200,22169.1400,22251.8600,21812.9700
2022-11-18,21896.9600,21788.0200,21988.1000,21788.0200
2022-11-21,21875.9100,21883.2500,22014.9100,21808.4400
2022-11-22,22302.4800,21889.7500,22346.4000,21889.1800
2022-11-23,22487.1000,22334.3700,22553.5600,22323.7400
2022-11-24,22512.9700,22446.3300,22526.3200,22391.4700
2022-11-25,22487.4100,22546.8500,22577.9800,22395.9600
2022-11-28,22013.2200,22469.3500,22524.7300,21987.4600
2022-11-29,22168.5000,22048.8000,22205.4900,21954.7700
2022-11-30,22455.1300,22207.1100,22500.9000,22119.6100
2022-12-01,22470.7800,22581.3100,22594.6900,22284.3800
2022-12-02,22419.4000,22483.6900,22497.1100,22268.0400
2022-12-05,22138.8100,22448.8800,22448.8800,22059.0300
2022-12-06,22050.7600,22091.9900,22221.6200,22010.2000
2022-12-07,22158.7200,22050.7600,22186.6600,21264.6500
2022-12-12,21641.8300,22026.1200,22132.3200,21641.8300
2022-12-13,21516.4400,21642.4000,21862.1800,21492.9600
2022-12-14,21394.1000,21516.7200,21614.1300,21362.9300
2022-12-15,21112.5300,21456.5200,21503.2400,21112.5300
2022-12-16,20989.4500,21112.5300,21183.0500,20977.8600
2022-12-19,20991.9300,20980.1600,21075.2200,20934.9100
2022-12-20,21149.2500,20946.6300,21245.0400,20946.6300
2022-12-21,21149.6600,21126.6300,21246.5300,21118.3400
2022-12-22,20986.5900,21149.6600,21154.9700,20910.5100
2022-12-23,21151.3800,20903.9300,21173.5400,20903.9300
2022-12-26,21168.7800,21138.0900,21168.7800,21112.3800
2022-12-27,21347.2300,21192.0600,21371.3000,21168.7100
2022-12-28,21302.5500,21377.4600,21395.2500,21208.5300
2022-12-29,21333.8200,21304.7800,21334.0000,21222.0100
2022-12-30,21330.5100,21251.6200,21447.0900,21251.6200
2023-01-02,21377.5500,21327.8100,21377.5500,21327.8100
2023-01-03,21484.9000,21383.1700,21554.7300,21381.1300
2023-01-04,21768.9400,21472.2500,21800.9000,21449.0600
2023-01-05,21891.6200,21772.9100,22104.4000,21700.6400
2023-01-06,22262.4500,21834.8300,22280.3000,21834.8300
2023-01-09,22545.3300,22275.0800,22617.6200,22267.7100
2023-01-10,22746.8900,22545.6300,22802.3000,22521.7500
2023-01-11,22567.8400,22743.8900,22786.4300,22567.8400
2023-01-12,23012.9400,22560.9900,23029.4200,22476.4200
2023-01-13,23236.3200,23002.6200,23236.3200,23002.6200
2023-01-16,23127.4100,23237.5400,23315.1200,23079.2000
2023-01-17,22790.5100,23113.5300,23150.1200,22747.7300
2023-01-18,22892.1400,22793.4900,23091.0200,22762.5500
2023-01-19,22973.3400,22863.5100,23115.2000,22863.5100
2023-01-20,23006.6000,22970.9600,23011.4600,22823.1100
2023-01-23,22968.9200,23040.0200,23076.1900,22935.2600
2023-01-24,23141.5600,22948.2900,23141.7500,22939.6200
2023-01-25,23096.3700,23171.6100,23263.2500,23096.3700
2023-01-26,22901.6400,23128.4000,23128.4000,22781.0500
2023-01-27,22648.3800,22917.4700,22917.4700,22638.1900
2023-01-30,22406.8200,22679.1800,22758.6700,22376.7400
2023-01-31,22416.7200,22394.0200,22504.9900,22355.1800
2023-02-01,22587.2400,22429.8400,22606.7100,22354.1100
2023-02-02,22400.1100,22571.4200,22579.0600,22281.1100
2023-02-03,22210.5600,22329.7300,22558.4700,22189.2600
2023-02-06,22254.6500,22252.5600,22305.0700,22156.2200
2023-02-07,22319.1200,22287.6000,22372.2600,22188.6100
2023-02-08,22400.0700,22319.2200,22443.4700,22319.1200
2023-02-09,22298.8900,22462.7500,22504.2400,22298.8900
2023-02-10,21695.7800,22346.3800,22353.9800,21666.9800
2023-02-13,22010.4600,21711.1900,22010.4600,21651.4500
2023-02-14,21931.8500,22053.9000,22141.7200,21898.1300
2023-02-15,21882.6600,21942.9900,22052.7400,21751.8300
2023-02-16,21969.5500,21878.7900,21998.2200,21840.2000
2023-02-17,21947.4500,21969.8300,21990.3700,21864.0000
2023-02-20,21925.1200,21936.0400,21998.0100,21911.6200
2023-02-21,21864.7500,21968.2100,22072.6900,21864.7500
2023-02-22,21704.8800,21884.1800,21887.2700,21667.3800
2023-02-23,21539.5700,21703.2700,21750.5400,21519.4200
2023-02-24,21601.7000,21523.7100,21672.7500,21456.1900
2023-02-27,21565.9000,21601.8100,21691.9000,21552.2600
2023-02-28,21576.4300,21566.0000,21640.2200,21514.2300
2023-03-01,22005.2500,21612.3500,22047.2500,21488.4600
2023-03-02,22022.0500,22005.2500,22152.1400,21991.9000
2023-03-03,22242.5400,22059.5500,22270.4700,21967.0900
2023-03-06,22131.6800,22229.7200,22264.9100,22062.1200
2023-03-07,21959.5900,22133.7200,22194.6700,21909.1400
2023-03-08,22072.0500,21956.8700,22072.0500,21952.8200
2023-03-09,21760.6200,22072.6300,22077.3000,21739.0400
2023-03-10,21604.6500,21764.6500,21769.6100,21592.7100
2023-03-13,21592.0200,21590.4700,21870.8000,21581.1500
2023-03-14,21769.6900,21589.7400,21839.9400,21512.2400
2023-03-15,21430.3900,21769.4000,21813.0800,21293.4100
2023-03-16,21376.3100,21442.5000,21442.5000,21217.6400
2023-03-17,21445.1600,21374.0500,21483.7600,21272.3200
2023-03-20,21434.5800,21424.8100,21450.0100,21262.1000
2023-03-21,21653.5400,21428.9100,21708.0200,21428.9100
2023-03-22,21649.7200,21652.6800,21706.3600,21587.9200
2023-03-23,21391.0800,21660.6300,21663.7600,21379.7600
2023-03-24,21401.0300,21379.7300,21411.2900,21304.6600
2023-03-27,21614.2800,21389.1300,21644.2600,21354.1300
2023-03-28,21782.4600,21613.7000,21793.3600,21512.3000
2023-03-29,21910.4600,21789.1100,21961.8900,21768.7800
2023-03-30,21909.5300,21897.3200,21940.1600,21834.3600
2023-03-31,21898.0300,21907.7800,21931.9900,21832.6600
2023-04-03,21998.2600,21896.2800,22081.5700,21891.5700
2023-04-04,21991.7300,21942.2800,22030.8100,21924.0200
2023-04-05,21915.7800,21986.4900,21988.3500,21761.0500
2023-04-07,21915.7800,21986.4900,21988.3500,21761.0500
2023-04-10,22111.8200,21874.5100,22125.8800,21874.5100
2023-04-11,22274.2400,22150.6800,22381.2800,22145.2000
2023-04-12,22283.3200,22273.9000,22469.7800,22273.9000
2023-04-13,22456.3300,22283.0300,22531.7200,22283.0300
2023-04-14,22477.4500,22492.5900,22560.0500,22394.6300
2023-04-17,22394.9300,22512.5600,22526.7900,22366.7200
2023-04-18,22511.2700,22397.2900,22555.8500,22346.7600
2023-04-19,22501.1200,22497.5700,22543.0500,22448.5000
2023-04-20,22473.4100,22504.0900,22626.2000,22437.9000
2023-04-21,22282.1300,22504.7400,22529.0400,22212.4200
2023-04-24,22345.6100,22269.1000,22649.9600,22250.9300
2023-04-25,22138.7800,22331.9200,22338.9900,22083.2300
2023-04-26,21940.4700,22137.3000,22157.6200,21900.7000
2023-04-27,21974.6600,22011.3300,22057.9600,21846.5900
2023-04-28,21822.5700,21973.4800,21975.4700,21760.8200
2023-05-02,21741.4900,21814.9200,21842.4400,21725.6400
2023-05-03,21748.4600,21737.3900,21855.1900,21723.3200
2023-05-04,21619.0700,21757.5400,21856.0700,21602.7600
2023-05-05,22155.3700,21565.5500,22210.1900,21556.0800
2023-05-08,22328.8300,22155.3700,22406.4300,22132.7600
2023-05-09,22289.6300,22328.8300,22404.1800,22245.5100
2023-05-10,21903.6700,22298.6900,22298.6900,21783.5900
2023-05-11,21715.1200,21827.2400,21855.1200,21639.5600
2023-05-12,21535.6600,21721.6500,21769.8100,21457.9300
2023-05-15,21625.7200,21526.8400,21632.9300,21520.2200
2023-05-16,21725.8500,21642.5500,21827.9700,21592.7500
2023-05-17,21744.4500,21716.7400,21831.0900,21648.3900
2023-05-18,21587.7900,21735.6300,22037.2600,21493.1300
2023-05-19,21633.4400,21595.9600,21676.8900,21534.8200
2023-05-22,21651.8400,21632.8500,21681.6100,21580.2000
2023-05-23,21595.5300,21651.2500,21738.4000,21586.0400
2023-05-24,21405.5800,21524.7000,21577.2700,21365.2400
2023-05-25,21242.2900,21414.8900,21476.3600,21240.7300
2023-05-26,21240.5000,21249.7800,21266.9900,21179.2400
2023-05-29,21300.1300,21237.3200,21558.5600,21205.7600
2023-05-30,21161.7800,21334.3300,21334.3300,21060.8900
2023-05-31,21178.8300,21163.5000,21209.1300,21060.8800
2023-06-01,21494.8500,21154.3300,21522.2900,21154.3300
2023-06-02,21845.2400,21414.0700,21879.3600,21414.0700
2023-06-05,21937.3600,21829.2600,21947.4600,21817.1900
2023-06-06,22050.6900,21936.1700,22056.3100,21921.2800
2023-06-07,22102.5900,21967.9300,22142.3600,21967.9300
2023-06-08,22237.1400,22115.8600,22265.3100,22056.0400
2023-06-09,22001.1700,22274.2500,22274.2500,21995.6200
2023-06-12,22059.8900,21998.7600,22155.4200,21998.7600
2023-06-13,22287.6900,22024.2100,22287.8900,22020.0400
2023-06-14,22379.7300,22277.6400,22548.0200,22269.4100
2023-06-15,22445.0400,22386.7900,22471.3600,22359.0600
2023-06-16,22584.2600,22485.4100,22620.7600,22403.6700
2023-06-19,22567.6600,22509.9200,22646.2800,22509.9200
2023-06-20,22534.8600,22566.4100,22583.2100,22470.1500
2023-06-21,22521.0300,22596.5600,22596.5600,22437.8900
2023-06-22,22423.1400,22469.3600,22487.8900,22330.2900
2023-06-23,22233.0100,22423.4500,22484.1100,22161.1000
2023-06-26,22303.2500,22248.9200,22344.2600,22214.9900
2023-06-27,22195.6500,22296.2200,22353.5200,22119.6200
2023-06-28,22140.7300,22195.9500,22195.9500,22060.9500
2023-06-30,22329.7500,22172.1500,22367.0500,22172.1500
2023-07-03,22432.2600,22322.9800,22435.9700,22258.2100
2023-07-04,22410.1800,22354.5500,22437.8500,22354.5500
2023-07-05,22388.3000,22404.0100,22490.7500,22380.7700
2023-07-06,22276.1200,22431.1100,22431.1100,22156.5900
2023-07-07,22518.8300,22197.0900,22536.9400,22197.0900
2023-07-10,22767.6700,22495.3500,22780.7900,22495.3500
2023-07-11,22557.5400,22783.3100,22783.3100,22533.6800
2023-07-12,22650.8100,22570.9200,22700.9200,22566.1200
2023-07-13,22893.4300,22634.3800,22908.0400,22634.3800
2023-07-14,22757.9600,22937.6100,22937.6100,22680.2400
2023-07-17,22963.8100,22740.7000,22983.7400,22570.8500
2023-07-18,23058.8700,23018.3200,23095.2000,22840.2000
2023-07-19,23077.6200,23080.1500,23144.0600,22987.0700
2023-07-20,22984.9000,23061.8300,23134.5500,22931.5300
2023-07-21,23028.3000,22972.0800,23049.4700,21841.1100
2023-07-24,23100.7700,23016.7600,23108.8200,22971.4400
2023-07-25,23311.9600,23079.8800,23330.6800,23079.8800
2023-07-26,23381.6600,23301.6200,23386.0900,23248.8400
2023-07-27,23155.8600,23384.5800,23384.5800,23110.1400
2023-07-31,23509.3800,23167.7600,23545.6700,23163.5400
2023-08-01,23679.9000,23509.7000,23681.0100,23442.8700
2023-08-02,23350.7100,23669.8300,23674.0100,23316.7900
2023-08-03,23598.4600,23357.4400,23711.9600,23349.1300
2023-08-04,23651.6100,23517.5200,23727.4900,23517.5200
2023-08-07,23806.1900,23633.6500,23811.1500,23633.6500
2023-08-08,23742.2100,23789.7700,23832.3900,23626.4500
2023-08-09,23803.8600,23737.0800,23808.3500,23661.3500
2023-08-10,23656.8700,23846.6800,23920.1800,23656.8700
2023-08-11,23465.3100,23667.5200,23770.5900,23450.1900
2023-08-14,23225.0000,23450.3600,23517.9500,23156.5800
2023-08-15,23062.9200,23225.9400,23245.9400,23019.1800
2023-08-16,22898.5500,22965.1800,23062.2200,22888.5000
2023-08-17,22827.0700,22898.5500,23041.5900,22818.8500
2023-08-18,22747.8200,22830.8600,22876.8000,22665.1500
2023-08-21,22857.5700,22738.0200,22874.1200,22662.2600
2023-08-22,22941.8400,22883.0100,22981.1700,22825.2900
2023-08-23,23112.8800,22939.6900,23125.5100,22838.9200
2023-08-24,22981.5200,23038.5000,23092.4500,22959.3100
2023-08-25,22936.9600,22979.9700,23011.6300,22879.4600
2023-08-28,23121.5900,22927.3300,23121.7900,22923.9900
2023-08-29,23336.3000,23116.2700,23336.5000,23065.2800
2023-08-31,23133.5300,23350.5300,23392.1500,23111.5200
2023-09-01,23287.0100,23121.6300,23297.8900,23107.7900
2023-09-04,23250.7100,23290.1600,23291.0400,23211.0100
2023-09-05,22973.3500,23285.0100,23286.4700,22973.3500
2023-09-06,22950.4700,22965.2700,23020.3300,22926.9300
2023-09-07,22782.3900,22969.0500,22969.5100,22770.0900
2023-09-08,22750.5100,22786.0700,22842.4800,22735.9500
2023-09-11,22781.5700,22729.7100,22815.8600,22663.0900
2023-09-12,22854.5400,22738.2000,22902.8800,22738.2000
2023-09-13,22818.8100,22775.1300,22855.7100,22775.1300
2023-09-14,23143.3800,22788.0200,23152.8300,22788.0200
2023-09-15,22961.9100,23180.4200,23249.6200,22902.5100
2023-09-18,22935.2500,22927.6100,22971.0500,22877.0700
2023-09-19,22737.5300,22928.4500,22987.3800,22737.5300
2023-09-20,22742.2900,22663.4900,22891.4700,22663.4900
2023-09-21,22728.2500,22768.2500,22861.9200,22705.3800
2023-09-22,22636.9300,22716.1100,22748.7400,22607.6300
2023-09-25,22707.1100,22617.3200,22782.3500,22613.6900
2023-09-26,22603.4300,22707.1100,22719.6300,22591.5000
2023-09-27,22529.1300,22603.4300,22638.0400,22466.6100
2023-09-28,22619.4300,22446.8700,22703.8400,22446.8700
2023-09-29,22528.4000,22619.4300,22709.4000,22528.4000
2023-10-02,22158.0800,22543.2700,22546.5800,22158.0800
2023-10-03,22180.8500,22158.3700,22255.8600,22056.9500
2023-10-04,22008.9000,22180.8500,22180.8500,21999.0700
2023-10-05,21940.3800,22009.1900,22097.6400,21905.9600
2023-10-06,22238.7800,21941.5300,22239.3200,21941.1200
2023-10-09,22295.6000,22249.8300,22333.3000,22234.4200
2023-10-10,22268.3000,22289.2200,22296.4000,22175.5700
2023-10-11,22250.1000,22270.6300,22310.3600,22196.8000
2023-10-12,22162.8400,22250.3900,22317.0400,22142.6800
2023-10-13,22148.4200,22166.8800,22334.4700,22148.4200
2023-10-16,22312.6300,22128.0600,22312.6300,22082.2500
2023-10-17,22235.2700,22314.9400,22385.5300,22221.6100
2023-10-18,22208.8100,22181.0600,22369.3200,22108.6900
2023-10-19,22206.0900,22201.0600,22232.2100,22132.1500
2023-10-20,22179.8000,22206.0900,22275.4900,22142.0200
2023-10-23,21953.7800,22221.2700,22221.2700,21949.5600
2023-10-24,22212.9300,21954.3500,22229.7600,21935.3600
2023-10-25,22158.6600,22222.4100,22266.5300,22158.6600
2023-10-26,22059.5500,22158.9400,22350.1800,22055.1800
2023-10-27,21941.3100,22062.6800,22143.8000,21905.0200
2023-10-30,21867.2600,21934.2000,22022.2500,21781.7600
2023-10-31,21817.4200,21796.0100,21820.8300,21690.3400
2023-11-02,21792.3800,21697.8700,21872.8700,21666.1100
2023-11-03,21451.7300,21796.4300,21796.4300,21293.6100
2023-11-06,21568.8600,21419.3900,21582.5200,21419.3900
2023-11-07,21590.2900,21573.1600,21668.7500,21565.9500
2023-11-08,21660.5900,21629.7000,21717.5600,21577.5600
2023-11-09,21697.6400,21642.9200,21780.2400,21637.5200
2023-11-10,21818.6700,21672.8400,21847.5800,21615.2800
2023-11-13,21534.2100,21789.6200,21837.6300,21534.2100
2023-11-14,21853.6700,21535.3600,21861.5500,21437.8300
2023-11-15,22046.7600,22113.1000,22113.1000,21783.4000
2023-11-16,22327.1800,22299.0000,22382.4200,22219.3200
2023-11-17,22255.9300,22586.9800,22598.1700,21942.7600
2023-11-20,22290.4300,22252.6200,22378.0600,22174.0900
2023-11-21,22367.7400,22305.6600,22397.6800,22266.4200
2023-11-22,22066.1400,22365.6400,22408.3200,22047.4700
2023-11-23,22137.2700,22066.4300,22137.4800,22053.7600
2023-11-24,22177.3000,22141.1200,22292.6200,22098.9800
2023-11-27,21881.2500,22177.3000,22177.3000,21683.2400
2023-11-28,22060.6500,21871.2600,22063.0300,21871.2600
2023-11-29,22135.9800,21989.4000,22171.0400,21989.4000
2023-11-30,21934.4400,22129.4500,22197.5200,21934.4400
2023-12-01,22324.3700,21918.9000,22365.7500,21886.9900
2023-12-04,22317.3100,22366.5800,22454.1200,22252.0700
2023-12-05,22363.0900,22319.3900,22373.7800,22128.3900
2023-12-06,22160.0300,22353.8800,22452.2500,22114.4000
2023-12-07,22022.6400,22161.5100,22214.1500,21967.7700
2023-12-11,22099.3100,21929.7500,22166.4100,21929.7500
2023-12-12,22149.5400,22087.0200,22172.4600,22071.9900
2023-12-13,22634.1700,22130.7800,22634.5700,22127.2700
2023-12-14,23366.0600,22607.3300,23378.8400,22448.7900
2023-12-15,24779.8100,23349.6200,24785.7100,23349.6200
2023-12-18,24962.3900,24763.3400,24962.3900,24528.9200
2023-12-19,25332.6100,24957.7200,25372.2900,24806.0000
2023-12-20,25614.2700,25332.9500,25810.8500,25310.6700
2023-12-21,25627.6600,25585.2600,25682.6500,25476.1400
2023-12-22,25683.0200,25614.1300,25684.1000,25513.6600
2023-12-25,25683.0200,25614.1300,25684.1000,25513.6600
2023-12-26,25812.5800,25685.8000,25839.5200,25641.1700
2023-12-27,25879.5200,25811.5300,25881.1400,25764.5000
2023-12-28,25851.6800,25880.9200,26119.9900,25837.9200
2023-12-29,25960.0100,25852.3800,25974.3900,25630.0900
2024-01-01,25960.0100,25852.3800,25974.3900,25630.0900
2024-01-02,25786.1400,25960.0100,25960.7100,25678.0100
2024-01-03,25558.3900,25713.1100,25927.7600,25523.8900
2024-01-04,25679.6100,25558.3900,26050.7400,25443.7400
2024-01-05,25709.6800,25680.3000,25878.8500,25570.7000
2024-01-08,25765.5100,25710.3700,25865.0100,25626.4500
2024-01-09,25805.5300,25756.8000,25951.6400,25736.6400
2024-01-10,25849.2700,25804.4900,25937.8600,25673.1200
2024-01-11,25826.0600,25833.9000,25984.0000,25748.7100
2024-01-12,26075.8800,25813.8600,26169.2700,25737.2200
2024-01-15,25994.7400,26022.3600,26087.1400,25978.2200
2024-01-16,26172.6100,25995.0900,26243.9400,25994.9800
2024-01-17,26058.6200,26153.2800,26237.5700,26019.4400
2024-01-18,26155.8600,26045.4000,26156.1000,26009.6300
2024-01-19,26287.5000,26146.4300,26293.2000,26000.5900
2024-01-22,26301.1700,26288.2000,26366.0200,26243.2100
2024-01-23,26492.2700,26294.8500,26492.2700,26279.4100
2024-01-24,26364.7600,26494.3800,26494.3800,26214.6900
2024-01-25,26455.8800,26349.7000,26468.5400,26340.5200
2024-01-26,26841.6000,26441.8300,26892.9300,26420.1400
2024-01-29,27145.3100,26821.4500,27163.7100,26818.1400
2024-01-30,26916.4500,27192.6500,27196.1800,26838.7100
2024-01-31,26934.0200,26901.9700,26941.7700,26801.2700
2024-02-01,27062.7900,26934.0200,27105.9000,26905.7000
2024-02-02,27058.1300,27043.6300,27255.0100,26995.9100
2024-02-05,27005.5300,27044.0100,27149.6300,26881.0300
2024-02-06,27311.7900,26999.3500,27312.0400,26909.9400
2024-02-07,27230.7400,27312.1500,27382.0500,27132.9400
2024-02-08,27282.5200,27225.0800,27327.9400,27142.7300
2024-02-09,27348.1200,27332.0800,27430.8300,27287.7000
2024-02-12,27655.7500,27329.7300,27656.0000,27325.6500
2024-02-13,27462.0200,27590.4900,27733.1600,27431.9500
2024-02-14,27897.7300,27478.6800,27897.7300,27443.4600
2024-02-15,28340.3200,27897.7300,28342.6000,27862.5100
2024-02-16,28348.7700,28340.6900,28409.2400,27863.6200
2024-02-19,28317.5700,28343.2100,28347.1600,28192.5300
2024-02-20,28276.9500,28294.0900,28368.4700,28103.3200
2024-02-21,28379.8100,28269.4700,28407.2200,28229.1200
2024-02-22,28463.5300,28362.2600,28572.2600,28126.9400
2024-02-23,28611.8400,28465.4100,28769.7400,28443.8900
2024-02-26,28610.1500,28609.9600,28647.4700,28436.0600
2024-02-27,28532.9900,28585.3100,28683.8900,28526.1600
2024-02-28,28053.2300,28533.3600,28562.8400,28049.3500
2024-02-29,28231.8300,28035.5100,28261.4700,27982.2900
2024-03-01,28330.6300,28228.1000,28444.5100,28141.7600
2024-03-04,28637.5700,28296.8300,28699.0100,28267.7600
2024-03-05,28685.1500,28582.2300,29065.2600,28582.2300
2024-03-06,28630.6500,28685.1500,28712.7100,28552.9000
2024-03-07,28919.9900,28624.6400,29012.3700,28615.1600
2024-03-08,28722.6700,28907.5300,28912.0400,28607.7300
2024-03-11,28927.2500,28696.6000,28963.9300,28688.5900
2024-03-12,28822.7600,28927.6400,28963.5800,28673.4100
2024-03-13,29053.0300,28842.2900,29197.8100,28836.3900
2024-03-14,29189.6300,29053.0300,29236.5000,28954.3700
2024-03-15,29509.6800,29189.6300,29596.4400,29189.6300
2024-03-18,29647.1100,29487.6900,29658.9900,29487.6900
2024-03-19,29293.6700,29630.3000,29649.9700,29286.6200
2024-03-20,29727.9800,29287.7400,29739.6400,29214.0200
2024-03-21,29648.5600,29726.3700,29831.6100,29601.2300
2024-03-22,29647.5000,29632.0800,29648.2800,29467.5600
2024-03-25,29518.9000,29670.7300,29702.5100,29492.2500
2024-03-26,28786.7000,29448.8700,29672.5400,28769.2800
2024-03-27,28366.9900,28788.6400,28896.6800,28344.8700
2024-04-01,28273.4900,28343.3500,28460.0500,28143.1700
2024-04-02,28136.6400,28283.3600,28354.8800,28133.8800
2024-04-03,28371.2800,28201.1400,28431.0200,28100.0000
2024-04-04,28164.7400,28363.2100,28472.1600,28164.7400
2024-04-05,27479.2200,28158.6300,28179.9900,27364.3500
2024-04-08,27371.1800,27457.5600,27582.5500,27354.0100
2024-04-09,27551.0500,27368.9600,27627.5300,27368.9600
2024-04-10,27799.4300,27543.5900,27859.7600,27405.8400
2024-04-11,27948.3900,27794.2000,28298.5400,27794.2000
2024-04-12,27595.6900,27961.2600,28220.1900,27564.9000
2024-04-15,27455.1600,27585.2700,27747.5500,27453.8500
2024-04-16,27393.8400,27479.4000,27597.0100,27196.3100
2024-04-17,27458.9800,27431.7500,27510.9300,27237.7400
2024-04-18,27685.8300,27469.2300,27740.3000,27420.7100
2024-04-19,27599.1400,27685.8300,27728.0500,27481.3100
2024-04-22,27752.6000,27600.0100,27757.1300,27536.1700
2024-04-23,27902.3500,27757.8500,28136.1100,27652.1600
2024-04-24,28122.7100,27902.3500,28127.9500,27847.0800
2024-04-25,28602.1600,28139.3000,28700.6600,28134.2100
2024-04-26,28902.0500,28581.2300,28911.2900,28581.2300
2024-04-29,29223.8800,28904.7500,29251.3800,28698.8600
2024-04-30,29184.3500,29139.9400,29305.3600,28826.7400
2024-05-02,29040.9900,29081.3700,29231.9100,28780.5800
2024-05-03,28983.5400,29060.0700,29060.0700,28634.3400
2024-05-06,29275.0700,28975.3100,29411.8800,28966.7700
2024-05-07,29174.0800,29288.8100,29359.0700,29120.0700
2024-05-08,29356.0600,29181.9100,29378.7500,29077.5600
2024-05-09,29599.3200,29351.3300,29709.6000,29246.5100
2024-05-10,30023.5800,29599.7200,30027.3800,29505.6800
2024-05-13,29658.9000,30028.8300,30028.8300,29649.4300
2024-05-14,29846.8700,29662.8800,29928.7500,29661.7700
2024-05-15,29996.5800,29847.2700,30011.4900,29693.8000
2024-05-16,29967.0900,29996.5800,30057.0900,29898.9200
2024-05-17,30129.9200,29946.6300,30349.1700,29945.9400
2024-05-20,30708.1800,30086.4600,30710.3300,29932.4900
2024-05-21,30891.7700,30609.4000,30926.7400,30609.4000
2024-05-22,30072.0900,30905.4300,30961.9500,30072.0900
2024-05-23,30026.7900,30069.6800,30218.9400,29865.4000
2024-05-24,30262.9700,30022.7700,30263.2600,29975.5900
2024-05-27,30368.6200,30263.3700,30386.2100,30246.5900
2024-05-28,30742.0300,30344.3200,30792.0800,30309.3200
2024-05-29,30488.7600,30738.7500,30739.6800,30382.8700
2024-05-30,30405.8700,30489.9800,30646.0200,30286.2600
2024-05-31,30220.4000,30402.2300,30447.4200,30078.4900
2024-06-03,30049.2900,30211.0700,30279.2200,30049.2900
2024-06-04,29511.4200,30049.2900,30116.6200,29497.8800
2024-06-05,29741.4900,29522.8900,29741.7700,29350.9800
2024-06-06,29826.1400,29676.8600,29852.8600,29510.7200
2024-06-10,29538.3500,29770.6000,29786.5800,29399.0100
2024-06-11,29372.5100,29533.2700,29598.7500,29281.3000
2024-06-12,29673.7900,29376.4000,29770.9500,29325.0400
2024-06-13,29325.5100,29681.2600,29690.0900,29273.2700
2024-06-14,29199.6800,29352.3000,29364.1200,29036.1500
2024-06-17,29431.9400,29199.6800,29454.3800,29199.6800
2024-06-18,29798.4600,29426.5100,29799.5600,29338.4500
2024-06-19,29724.1400,29798.4600,29828.2800,29667.3700
2024-06-20,29857.5700,29692.2400,29950.3500,29692.2400
2024-06-21,29781.3200,29852.0800,29857.7900,29679.5100
2024-06-24,30058.6600,29760.1800,30066.0400,29760.1800
2024-06-25,29895.8500,30042.8800,30048.3400,29676.2800
2024-06-26,29848.8100,29889.5800,29960.9800,29777.4500
2024-06-27,29636.1000,29839.8400,29844.3900,29480.6800
2024-06-28,29895.8700,29632.2400,29922.8600,29589.8300
2024-07-01,29720.1200,29872.5400,29953.9300,29706.4500
2024-07-02,29600.9800,29725.1500,29771.5500,29542.5000
2024-07-03,30046.0200,29621.9300,30098.2300,29615.5900
2024-07-04,30044.0700,30046.0200,30046.0200,29961.0500
